Date,BSE SENSEX,BHARTIARTL.BO,HDFCBANK.BO,HINDUNLVR.BO,ITC.BO,KOTKBANK.BO,MARUTI.BO,NESTLEIND.BO,RELIANCE.BO,SBIN.BO,TCS.BO,AMBUJACEM.BO,ASHOKLEY,BHEL.BO,BOSCHLTD.BO,MRF.BO,PETRONET.BO,PIDILITE.BO,SIEMENS.BO,TATAGLOB.BO,TVSMOTOR.BO
2014-01-01,20693.240234,304.454987,332.375,559.299988,211.167007,353.325012,1846.5,5378.149902,421.075012,165.975006,1104.099976,175.149994,18.35,110.167,9753.150391,19108.699219,60.474998,283.899994,624.5,156.449997,74.800003
2014-01-08,21032.880859,301.746002,336.075012,538.849976,216.100006,355.875,1774.599976,5378.5,440.549988,162.690002,1164.069946,168.100006,17.450001,108.467003,9735.799805,19245.400391,58.799999,281.5,606.5,152.050003,75.650002
2014-01-15,21251.119141,279.98999,338.375,560.549988,219.332993,353.049988,1803.050049,5169.549805,432.024994,165.860001,1140.319946,171.149994,16.799999,113.432999,9563.650391,19626.800781,56.349998,283.049988,594.700012,148.199997,71.75
2014-01-22,20683.509766,281.183014,322.625,570.150024,218.100006,330.524994,1563.199951,4970.299805,422.899994,159.595001,1106.650024,158.5,16.450001,109.567001,9115.099609,19019.800781,52.075001,280.649994,526.900024,138.899994,67.800003
2014-01-29,20211.929688,290.501007,315.274994,570.75,216.667007,332.674988,1620.349976,4972,411,151.600006,1077.599976,155.949997,16.450001,108.932999,8996.650391,19920.699219,57.650002,275.25,542.299988,143.100006,84.800003
2014-02-05,20363.369141,280.311005,322.549988,562.900024,216.699997,323.5,1675.099976,5055.850098,402.75,151.850006,1050.5,160.899994,15.7,103.300003,9089.75,19131.599609,58.799999,273.899994,544.849976,144.75,83.099998
2014-02-12,20634.210938,277.419006,330.274994,561.599976,211.600006,340.024994,1708.949951,5026.149902,406.375,149.904999,1083.069946,152.899994,15.35,99.800003,8958.599609,18844.199219,57.625,275.549988,562,140.100006,82.150002
2014-02-19,20852.470703,263.786987,335.399994,554.200012,214.600006,338.149994,1675.949951,5007.25,405.200012,150.675003,1094.150024,163.899994,15.55,106.300003,9455.849609,19105.800781,59.5,284.950012,583.549988,141.199997,85.599998
2014-02-26,21209.730469,264.016998,335.225006,554.200012,221.033005,338.450012,1598.300049,4702.799805,407.299988,154.970001,1121.469971,168.800003,15.6,111.133003,9198.849609,19635.199219,61.825001,288.200012,621.950012,140.25,87.349998
2014-03-05,21826.419922,278.015991,362.674988,560.950012,222.5,372.200012,1755.900024,4795.350098,437.475006,167.514999,1075.030029,184,17.6,125.900002,9398.5,20790.300781,63.25,281.450012,676.150024,144.899994,86
2014-03-12,21832.609375,271.084991,366.875,556.349976,237.266998,382.5,1868.849976,4759.100098,447.674988,169.839996,1061.280029,183.75,17.5,125.633003,9518.950195,21526.900391,63.825001,280.350006,686.900024,143.050003,88.75
2014-03-19,22055.210938,270.947998,374.799988,592,241.899994,385.950012,1903.099976,4709.149902,439.325012,174.104996,1072.849976,183.100006,20.25,131,10386.400391,22149,67.800003,289.350006,712.950012,142.850006,97.050003
2014-03-26,22446.439453,289.674988,369.049988,601.599976,234.932999,382.875,1931.150024,4853.850098,470.575012,189.455002,1086.219971,202.350006,22.65,129.466995,10763.5,21664.199219,69.375,305.950012,739.849976,154.25,96.699997
2014-04-02,22343.449219,291.64801,362.674988,604.5,230.367004,383.649994,1903.949951,4903.299805,472.024994,192.225006,1075.199951,208.75,23.1,118.567001,10322,22234.699219,68.849998,317.700012,747.099976,151.399994,95.349998
2014-04-09,22484.929688,298.028992,361.700012,612.299988,227.332993,395.524994,1922.300049,4830.299805,474.25,196.350006,1125.780029,213.949997,23.6,120.900002,10268.200195,23443.300781,70.875,322.399994,756.25,153.25,89.300003
2014-04-16,22758.369141,307.804993,363.174988,596.299988,233.800003,400.825012,1974.25,4715.100098,484.174988,204.934998,1110.150024,214.649994,23.75,124.432999,10309.900391,21879.5,71.474998,337,756.650024,157.5,88.300003
2014-04-23,22466.189453,307.667999,357.950012,563.150024,226.899994,403.850006,1916.349976,4716.25,470.149994,206.529999,1096.75,202.399994,22.700001,124.467003,10523.700195,20720.199219,71.824997,315.850006,716.299988,151.25,92.25
2014-04-30,22508.419922,289.398987,359.850006,553.599976,231.966995,403.25,1909.599976,4694.899902,481.625,205.175003,1099.469971,199,22.450001,119.199997,10461.700195,20802.5,72.300003,300.450012,670.700012,145.149994,104.25
2014-05-07,23871.230469,293.667999,393.600006,577.75,240.699997,430.299988,2095.199951,4851.350098,530.674988,227.625,1105.319946,221.550003,25.5,145.867004,10737.299805,21403.800781,70.474998,312.950012,770.900024,146.649994,117.699997
2014-05-14,24376.880859,319.234009,407.825012,563.150024,227.533005,451.75,2193.5,4562.549805,539.25,252.604996,1031.530029,217.300003,28.299999,185.266998,11310,22803.400391,75.900002,325.149994,916.200012,153.800003,119.400002
2014-05-21,24549.509766,308.171997,402.424988,560.450012,229.600006,435.125,2305.850098,4723.399902,543.875,263.220001,1065.219971,208.199997,31.799999,163.766998,12175.299805,22726.599609,74.300003,322.399994,928.200012,156.300003,129.050003
2014-05-28,24858.589844,329.700012,412.274994,592,222.300003,436.350006,2342.850098,4804.700195,547.375,264.329987,1065.150024,231.149994,33.400002,171.533005,12297.900391,23078.199219,78.925003,302.450012,938.599976,150.399994,131.100006
2014-06-04,25583.689453,331.536011,408.725006,638.75,224.899994,448.649994,2465.800049,4956.25,558.924988,266.475006,1078.550049,230.550003,33.549999,170.399994,11766.200195,24273.800781,79.150002,292.100006,952.349976,174.699997,130.399994
2014-06-11,25521.189453,311.431,423.225006,629.950012,224.199997,469.725006,2417.899902,4995.75,544.950012,265.440002,1139.069946,225.100006,33.099998,165.300003,11987.700195,23425.199219,83.25,299.950012,913.25,166.949997,135.100006
2014-06-18,25368.900391,312.992004,414.399994,617.200012,213.600006,439.875,2415.649902,4935,529.825012,265.950012,1152.150024,222.600006,35.950001,166.932999,11925,23817.400391,93.125,314.899994,892,167.149994,141.699997
2014-06-25,25516.349609,307.897003,411.549988,628.25,216.766998,442.424988,2584.850098,4944.350098,504,268.079987,1195.199951,223.800003,36.75,168.367004,13446.799805,23656.699219,87.375,323.850006,960.400024,174.75,163.5
2014-07-02,25582.109375,311.799011,415.075012,626.099976,223.867004,435.899994,2590,4978,497.575012,257.674988,1224.849976,218.25,35.200001,162.100006,13399.099609,22893.300781,90.900002,327.200012,907.950012,158.649994,156.949997
2014-07-09,25228.650391,306.70401,413.375,618.849976,228.266998,435.700012,2520.850098,4924.100098,486.100006,251.619995,1200.099976,219.399994,32.599998,156.300003,13043.200195,21927.800781,87.5,330.600006,893.5,153.5,165.550003
2014-07-16,26025.800781,324.28299,419.950012,632.549988,234.567001,473.274994,2512.800049,5190.100098,515.400024,252.399994,1265.530029,222.649994,33.299999,156.199997,13393.5,22979.800781,90.300003,354.950012,913.450012,159.149994,168.050003
2014-07-23,25991.230469,325.292999,414.875,686.450012,237.800003,469.475006,2504.399902,5175.899902,502.649994,249.024994,1294.349976,205.949997,32.75,153,13242.700195,23629.599609,91.75,364.549988,896.299988,155.199997,146.550003
2014-07-30,25908.009766,343.790985,409.975006,704.099976,237.167007,468.674988,2667.050049,5204.600098,491.799988,246.975006,1261.280029,212.800003,35.299999,152.033005,13918.700195,23771.199219,86.150002,367.25,889.150024,154.800003,164.25
2014-08-06,25880.769531,339.567993,403.575012,700.950012,231.332993,482.399994,2666.399902,5317.850098,492.25,242.934998,1236.849976,208.75,35.049999,149.132996,13621.200195,23372.099609,86.675003,368.399994,869.349976,154.25,184.699997
2014-08-13,26420.669922,345.993988,412.049988,719.099976,232.600006,490.25,2751.199951,5748.549805,504.350006,243.979996,1219.180054,216.600006,37.799999,151.5,13858.299805,24275.900391,88.099998,369.700012,856.799988,156.550003,180.899994
2014-08-20,26442.810547,337.824005,421.25,727.150024,234.600006,528.375,2775.5,5867.799805,497.024994,249.315002,1266.719971,208.850006,36,154.800003,14734,24057.199219,91.875,413.25,803.599976,152.75,184.75
2014-08-27,27019.390625,359.764008,429.25,733.900024,236.533005,528.950012,2912.800049,6086.899902,511.950012,252.205002,1269.550049,215.800003,38.150002,159.899994,14980.5,25589.599609,97.949997,401.450012,826.349976,155.600006,201.300003
2014-09-03,27265.320313,372.753998,432.700012,749.400024,238.432999,536.924988,2910.949951,6402.25,516.650024,256.73999,1315.150024,219.100006,40.700001,147.632996,14957.5,29887.199219,93.875,396.200012,910.299988,165.149994,224.199997
2014-09-10,26492.509766,378.766998,425.075012,757.950012,235.432999,514.575012,2950.800049,6129.450195,490.225006,256.369995,1277.449951,206.600006,39.299999,144,14828.900391,30285.800781,96.150002,387.799988,856.599976,159.399994,211.300003
2014-09-17,26775.689453,373.213013,424.325012,742.849976,247.266998,521.174988,3065.199951,5928.75,483.049988,255.595001,1344.449951,213.699997,38.950001,144.300003,14959.200195,31013.099609,98.125,395.799988,880.599976,164.449997,218.75
2014-09-24,26630.509766,371.101013,435.75,745.849976,247.167007,506.725006,3064.350098,5979.549805,472.674988,244.235001,1369.099976,213.699997,41.099998,133.966995,15018.200195,32629.400391,94,397.299988,827,159.100006,228.199997
2014-10-01,26271.970703,370.367004,431.174988,734.299988,241.867004,503.299988,2938.699951,5950.5,463.325012,236.979996,1366.599976,209.199997,42.599998,131.867004,14703.700195,31817.5,90.900002,394.350006,807.25,158.649994,224.300003
2014-10-08,26349.330078,365.777008,434.375,730.900024,231.699997,505.5,2961.850098,5959.75,480.549988,252.164993,1349.849976,208.550003,44.599998,150.5,14534.700195,31230.099609,89.900002,384.200012,812.049988,156.399994,225
2014-10-15,26575.650391,377.160004,447.950012,748.849976,234.300003,506.975006,3075.899902,5961.899902,464.575012,258.454987,1216.719971,213.449997,44.299999,158.332993,14628.099609,30547.300781,96.949997,399.799988,831.650024,155.399994,260.5
2014-10-22,26880.820313,374.957001,447.600006,715.900024,233.567001,541.575012,3150.600098,5969.799805,467.024994,265.640015,1239.099976,224.050003,45.549999,170.033005,15037.099609,31061.699219,97.824997,407.649994,860.799988,156.649994,253
2014-10-29,27860.380859,363.528015,455.225006,738.200012,236.632996,555.700012,3285.600098,6337.450195,500.600006,272.125,1294.650024,227.600006,46.5,168.667007,15502.200195,31825.900391,99.949997,410.25,875.349976,163.699997,261.899994
2014-11-05,27910.060547,353.153992,453.725006,770.549988,242.5,554.200012,3327.25,6448.149902,488.875,273.755005,1288.780029,225.350006,49.549999,163.367004,15642,32635.099609,99.474998,407.899994,870.700012,158.050003,248.5
2014-11-12,28163.289063,365.777008,466.200012,751.450012,246.132996,542.575012,3365.850098,6152.049805,493.875,293.954987,1293.780029,226.449997,53.799999,169.432999,17762.400391,32591.099609,98.150002,430.649994,934.25,159.449997,242.100006
2014-11-19,28338.050781,370.09201,476.424988,764.75,237.132996,579.950012,3289.449951,6329.549805,496.174988,304.950012,1317.380005,227.850006,49.200001,176.800003,17788.699219,31698.400391,96.699997,438.950012,914.200012,154.25,221.949997
2014-11-26,28444.009766,352.786987,471.375,804.799988,243.533005,607.275024,3360.899902,6189.75,481.25,318.75,1328.030029,228.550003,54.799999,181,18592.300781,34293.101563,100.025002,480.75,897.049988,163.350006,232.300003
2014-12-03,27797.009766,325.200989,463.575012,813.5,262.833008,614.299988,3332.25,6300.549805,469.649994,306.700012,1258.719971,226.050003,50.099998,172.699997,20012.5,37033.699219,94.900002,485.5,887.75,154.649994,243.75
2014-12-10,26781.439453,321.391998,462.799988,768,253.667007,642.849976,3311.199951,6035.049805,432.049988,295.899994,1221.569946,219.199997,45.799999,164.867004,18958.300781,37178.800781,93.25,467.75,836.900024,144.350006,247.699997
2014-12-17,27506.460938,326.028015,479.75,765.950012,249.899994,623.049988,3398.600098,6219.100098,446.950012,307.049988,1258.530029,227.399994,49.650002,174.533005,18531.800781,36901.199219,103.974998,505,844.049988,148,246.050003
2014-12-24,27403.539063,320.979004,478.174988,759.599976,245.800003,622.775024,3349.300049,6234.899902,440.299988,309.799988,1265.650024,229.850006,51.549999,172.233002,19661.699219,37949.300781,104.175003,532.299988,895.299988,148.949997,267.799988
2014-12-31,26987.460938,325.338989,471.325012,775.150024,240.399994,625.849976,3395.550049,6230.75,418.049988,299.950012,1223.280029,221.949997,56.549999,174,19191.599609,37475,102.525002,528.349976,892.950012,148.050003,268
2015-01-07,27425.730469,318.087006,481.774994,884.700012,240.167007,696.950012,3470.149902,6706.350098,421.524994,305.049988,1249.150024,230.050003,59.599998,171.800003,20385.699219,38148.800781,103.724998,538.450012,917.950012,155.199997,308.450012
2015-01-14,28784.669922,325.890015,511.100006,895.700012,247.466995,698.125,3602.899902,7061.950195,450.575012,318.049988,1249.780029,247.5,60.950001,187.600006,21568.199219,39494.601563,97.875,577.950012,954.599976,156.350006,309.049988
2015-01-21,29571.039063,361.140991,537,941.599976,239.832993,694.150024,3685.199951,7343.799805,444.375,329.799988,1251.400024,249.949997,66.099998,188.033005,23068.300781,39945.699219,95.275002,577.849976,1061.800049,159.199997,308.149994
2015-01-28,29000.140625,341.358002,531.625,910.950012,244.100006,653.799988,3608.100098,7063.600098,468.725006,300.149994,1277.400024,244.949997,64.849998,198,24567.199219,40594.699219,90.775002,540.349976,1110.400024,160.300003,285.600006
2015-02-04,28355.619141,327.679993,527.799988,889.450012,246.600006,641.950012,3392.550049,6817.950195,441.350006,287.149994,1221.469971,249.800003,60.799999,174.332993,23063.099609,36663.199219,91.474998,550.450012,1147,151.550003,294.850006
2015-02-11,29135.880859,330.984985,533.549988,907.200012,259.700012,645.75,3574,7158.5,451.325012,306.799988,1292.619995,265.399994,66.199997,172.832993,25581.800781,40961.101563,91.375,576.5,1234.400024,155.199997,302.399994
2015-02-18,29004.660156,315.011993,533.5,913.950012,263.899994,674.875,3588.600098,6993.049805,420.875,296.149994,1353.569946,258.149994,66.900002,185.132996,26449.699219,40863.601563,88.275002,564.599976,1270.550049,155.25,269.799988
2015-02-25,29593.730469,320.335999,541.150024,929.950012,227.567001,704.375,3708.899902,7063.100098,450.825012,302.75,1387.349976,281.350006,73.849998,182.632996,26279.099609,41976.199219,90.875,599.049988,1426.349976,163.149994,293.200012
2015-03-04,28709.869141,337.731995,526.375,956.650024,225.766998,673.325012,3648.300049,7378,429.549988,287.600006,1321.400024,259.75,74.599998,172.867004,26560.699219,41238.199219,89.599998,575.799988,1366.949951,157.25,294.899994
2015-03-11,28736.380859,355.082001,528.875,931.900024,226.632996,668.549988,3662.5,7392.100098,428.424988,282.799988,1290.449951,258.100006,71.900002,176.067001,26556.400391,40461.800781,88.824997,621.849976,1407.650024,156.600006,283.25
2015-03-18,28161.720703,361.96701,518.900024,887.650024,217.600006,672.125,3592.949951,6996.75,424.399994,270.399994,1296.780029,253.050003,67.5,159.667007,26374.800781,37733.800781,88.175003,604.650024,1338.550049,147.600006,259.700012
2015-03-25,27957.490234,361.600006,511.424988,872.900024,216.966995,656.575012,3699.25,6941.899902,412.350006,267,1273.530029,255.25,73.550003,156.632996,25383.5,38809.898438,85.724998,600.900024,1394.800049,149.100006,263.75
2015-04-01,28516.589844,371.377014,516.875,911,227.300003,692.700012,3601,7133.5,416.399994,271.899994,1293.050049,259.899994,73.400002,155.5,25293.199219,40643.898438,90.125,584.400024,1448.199951,151.149994,255.399994
2015-04-08,29044.439453,389.644989,519.075012,947.299988,233.300003,722.875,3662.850098,7114.25,461.200012,285.450012,1325.119995,256.350006,75.900002,161.233002,26399.400391,41880.300781,93.25,593,1441.5,161.550003,255.149994
2015-04-15,27676.039063,365.822998,501.450012,873.700012,227.899994,676.799988,3489.25,6886.149902,437.950012,289.049988,1213.430054,239.649994,70.5,151.899994,24315.699219,39176.101563,88.349998,576.700012,1296.199951,150.100006,237.600006
2015-04-22,27396.380859,367.93399,502.024994,859.700012,225,669.674988,3826.649902,6843.200195,432.5,272.399994,1247.280029,230.75,68.449997,155.367004,21780.800781,37315.199219,85.199997,560.349976,1293.699951,142.350006,227.550003
2015-04-29,27440.140625,355.127991,493.700012,878.950012,217.266998,711.825012,3792.050049,6809.950195,445.450012,272.149994,1259.619995,238.75,70.650002,163.167007,22512.199219,37836.800781,87.449997,584.5,1343.199951,144.300003,240.399994
2015-05-06,26877.480469,359.397003,485.924988,844.700012,215.699997,659.450012,3573.699951,6706.149902,434.174988,267.399994,1260.599976,228.949997,72,148.432999,21470.099609,35360.300781,86.625,589.799988,1276.099976,142.850006,222.449997
2015-05-13,27645.529297,365.088013,503.325012,844.5,221.399994,687.875,3708.199951,7007.75,447.75,288.299988,1255.969971,238.800003,70.400002,156.567001,23162.099609,36239.601563,92.099998,595.200012,1361.849976,147.5,222
2015-05-20,27531.410156,367.980011,513.150024,855.650024,209.533005,689.825012,3727,6807.649902,442.325012,277.25,1303.180054,227.100006,69.199997,160.667007,23104.099609,35563.101563,91.175003,548.849976,1350.099976,148.600006,234.800003
2015-05-27,27188.380859,383.678009,504.350006,852.75,212.600006,679.650024,3830.25,6807.450195,449.350006,266.25,1300.219971,230.649994,69.150002,167.167007,22713.599609,34632.398438,91.025002,545.549988,1337.5,140.600006,225.899994
2015-06-03,26481.25,374.359985,500.125,819.849976,200.300003,664.875,3695.449951,5953.799805,441.950012,257.399994,1279.050049,225.699997,66.25,160.832993,20802.199219,32796.5,86.974998,535.400024,1315.099976,137.199997,218.800003
2015-06-10,26686.509766,380.144012,504.075012,834.549988,199.132996,645.450012,3794.5,5782.850098,451.975006,254.600006,1255.530029,219.100006,64.949997,163.932999,20287.599609,32406.400391,87.474998,525.25,1316.75,128.699997,228.449997
2015-06-17,27804.369141,394.281006,525.349976,874.299988,209.699997,690.924988,4018.75,6126.600098,497.375,267.649994,1288.849976,230.449997,71.400002,162.699997,22043.599609,34259.898438,92.824997,549.400024,1391.050049,133.75,242.850006
2015-06-24,27780.830078,385.467987,533.724976,916.450012,210.033005,693.875,4022.699951,6345.649902,500.225006,262.799988,1276.099976,229.5,72.5,165.233002,21915.199219,34196.601563,93.474998,551.099976,1350.599976,132.350006,243.75
2015-07-01,28171.689453,395.79599,543.125,923.599976,211.367004,712.775024,3972.550049,6084.799805,501.700012,272.700012,1309.530029,245.699997,72.900002,172.632996,22929.400391,35134.898438,95.449997,564,1447.900024,138.649994,270.149994
2015-07-08,27932.900391,387.212006,545.974976,927.450012,207.899994,710.549988,4048.699951,5946.049805,498.799988,268.600006,1249.75,250.949997,74.050003,182.033005,23460.199219,35494.199219,97.175003,549,1473.900024,136.800003,266.299988
2015-07-15,28182.140625,408.739014,549.299988,891.450012,209.132996,720.150024,4158.799805,6068.75,503.75,264.25,1281.430054,242.199997,79.300003,189.100006,23510.199219,36185.601563,95.724998,546.299988,1453.650024,137.149994,257.950012
2015-07-22,27459.230469,378.950012,553.700012,904.849976,207.067001,729.150024,4195.649902,6183,504.975006,259.350006,1250.75,230.5,83.199997,185.5,23001.800781,39293.898438,93.5,543.5,1383.199951,137.75,232.550003
2015-07-29,28071.929688,379.776001,544.174988,908.700012,219.332993,691.75,4438.100098,6353.350098,494.049988,288.200012,1254.650024,228.949997,88,188,25978.5,45668.800781,95.199997,591.950012,1476.75,143.25,233.350006
2015-08-05,27866.089844,371.652008,547.224976,888.950012,213.432999,703.400024,4504.799805,6304.850098,483.174988,269.299988,1301.530029,222.949997,86.900002,177.899994,26566.400391,42535.898438,94.525002,589.900024,1467.449951,137.899994,223.550003
2015-08-12,27831.539063,353.751007,543.25,871.299988,209.867004,704.400024,4634.549805,6167.600098,472.174988,283.950012,1367.300049,226.699997,97.25,174.167007,25369.599609,44161.601563,93.25,581.599976,1436.599976,134.199997,230.25
2015-08-19,26032.380859,320.105988,511.049988,867,213.899994,640.200012,4199.450195,6162.950195,426.450012,253.399994,1283.680054,208.399994,86.400002,154.800003,22857.5,40068.5,89.050003,537.75,1244.050049,118.25,223.800003
2015-08-26,25696.439453,317.031006,500.299988,854.400024,210.367004,613.799988,4058.100098,5991.799805,420.075012,239.100006,1269.400024,207.75,87.550003,145.100006,22775.900391,39790,87.900002,555.049988,1241.75,115.449997,216.75
2015-09-02,25317.869141,318.31601,501.799988,802.450012,208.667007,620.200012,4141.799805,5904.049805,424.475006,228.300003,1271.050049,208.550003,82,141.466995,21672.800781,39800,89.175003,551.099976,1185.849976,120.949997,220.449997
2015-09-09,25705.929688,321.666992,505.774994,804.75,211.167007,641.150024,4330.950195,6013.049805,433.774994,233.800003,1271.569946,205.100006,87.300003,141.132996,21953.400391,39955.101563,86.699997,566.75,1282.699951,125.300003,231
2015-09-16,25651.839844,315.057007,513.799988,786.099976,208.033005,643.450012,4470.950195,6140.5,423.725006,237.899994,1263.180054,207.800003,88.849998,134.432999,20910.599609,40801,87.974998,552.849976,1292.75,123.949997,229.850006
2015-09-23,25778.660156,296.927002,532.200012,785.700012,213.567001,650.900024,4674.75,6180.25,419.575012,242,1295.099976,202.899994,90.650002,131.533005,19600.199219,41808,88.625,555.799988,1290.25,126.300003,230.300003
2015-09-30,26932.880859,320.473999,542.674988,828.049988,228.600006,655.400024,4357.299805,6483.950195,447.950012,240.25,1347.849976,209.550003,94.349998,132.033005,20694.599609,42571.101563,90.699997,576.849976,1367.599976,130.600006,230.199997
2015-10-07,26846.529297,317.122986,538.424988,812.400024,229.367004,655.400024,4275.350098,6157.899902,446.274994,243.399994,1298.699951,209.949997,94.050003,138.966995,21187.199219,41173.101563,91.375,574.25,1363.550049,132.399994,242.149994
2015-10-14,27306.830078,332.040009,547.575012,787.349976,231.932999,654.650024,4510.649902,6533.399902,477.725006,254.449997,1263.349976,209.899994,96,141.332993,21544.900391,42081.101563,95.949997,578.099976,1359.849976,139.199997,245.850006
2015-10-21,27253.439453,323.411011,555.325012,811.400024,237.199997,660.900024,4494.600098,6340.299805,469.600006,248.649994,1264.900024,205.550003,92.849998,142.966995,21650.400391,41605.898438,97.300003,569.5,1382.349976,135.449997,276.149994
2015-10-28,26590.589844,318.40799,542.099976,803.849976,223.100006,682.299988,4480.5,6234.350098,483.200012,236.199997,1271.300049,209.5,90.349998,133.766998,20696.599609,39709.898438,100.650002,568.299988,1337.150024,131.600006,287.5
2015-11-04,25743.259766,304.776001,527.174988,803.450012,224.367004,646.549988,4715.399902,6066.600098,460.975006,241.300003,1230.849976,197.199997,89.5,118.900002,19101.099609,38080.601563,102.925003,531.75,1234.25,125.849998,296.25
2015-11-11,25864.470703,307.209015,530.400024,797.099976,232.100006,677.599976,4630.049805,6074.549805,463.75,248,1195.25,199.050003,91.949997,119.233002,19389.800781,39526.398438,103.949997,536.049988,1219.550049,132.149994,294.149994
2015-11-18,25775.740234,313.266998,531.950012,811.400024,224,678.799988,4640.450195,6060.350098,484,241.5,1185.050049,202.350006,94.75,116,18445.300781,38948.898438,116.574997,543.099976,1211.900024,134.199997,290.450012
2015-11-25,26169.410156,296.238007,540.700012,833.25,230.766998,687.049988,4552.850098,5876.049805,482.774994,249.300003,1181.069946,200.699997,93.349998,117.067001,18692.099609,39213.300781,119.125,553.849976,1227.150024,136.100006,304
2015-12-02,25310.330078,291.64801,524.674988,825.599976,210.132996,674.549988,4543.25,5824.899902,471.225006,235.899994,1164.75,194.449997,89.699997,109.766998,18505.599609,39228.398438,120.199997,545.25,1170.150024,134.399994,275.149994
2015-12-09,25320.439453,283.110992,528.575012,856.299988,215.067001,683.450012,4620.600098,5830.299805,487.950012,226.100006,1187.599976,193.25,87.349998,110.733002,18805.199219,38824.5,119.550003,538.299988,1160.400024,133.75,285.049988
2015-12-16,25590.650391,296.697998,532.474976,851.5,213.632996,698.099976,4617.75,5731.549805,493.75,228.300003,1202.969971,200,88.400002,110.766998,18030,39182.5,120.449997,541.150024,1178.599976,141,288.049988
2015-12-23,26079.480469,307.024994,539.049988,858.25,216.632996,706.75,4638.600098,5834.600098,507.575012,228.5,1225.969971,205.449997,89.650002,112.432999,18562,39765.398438,124.074997,549.549988,1193.800049,141.899994,293.299988
2015-12-30,25580.339844,297.477997,530.875,847.799988,216.466995,708.900024,4568.350098,5659.899902,502.549988,218.25,1175.180054,203.850006,93.099998,110.967003,18646.800781,40581.398438,130.024994,567.299988,1197.300049,148.199997,286.950012
2016-01-06,24682.029297,289.308014,524.75,819.5,210.300003,692.200012,4269.649902,5444,522.549988,199.850006,1162.030029,195.399994,92.099998,100.333,18103.199219,38926.300781,128.699997,547.75,1125.650024,139.300003,289.700012
2016-01-13,24479.839844,284.717987,517.775024,811.349976,209.399994,667.75,4201.950195,5430.549805,521.799988,183.100006,1139.5,191.25,86.849998,96.133301,17984.099609,36321.898438,124.025002,539.549988,1035.5,126.449997,282.549988
2016-01-20,24485.949219,273.334015,519.974976,781.650024,206.367004,678.799988,4085.699951,5464.049805,502.399994,182.899994,1152.969971,197.100006,86.5,97.066704,17480.699219,36010.601563,125.625,543.849976,1009.650024,124.25,288
2016-01-27,24539,277.419006,527.75,800.200012,216.300003,677,3876.100098,5455.799805,501,169.449997,1200.75,196.699997,90.75,89.900002,17007.400391,34626.300781,127.125,570.150024,1031.300049,124.199997,293.100006
2016-02-03,24020.980469,286.369995,513,826.599976,208.432999,677.25,3656.600098,5418.399902,478.299988,167,1140.719971,197.399994,88.349998,87.599998,16355.099609,33652.898438,126.699997,576.150024,1022.450012,120.650002,285.75
2016-02-10,23191.970703,289.261993,486.725006,804.299988,196.966995,618.25,3706.100098,5063.450195,464.825012,156.399994,1133.880005,193,87.449997,68.833298,16190.400391,33199.101563,123.75,579.950012,997.150024,102.599998,276.700012
2016-02-17,23410.179688,294.678009,484.950012,836.5,196.199997,621.450012,3492.5,5190.25,475.350006,158.449997,1132.550049,193.350006,89.050003,65.666702,16860.099609,33544.601563,121.074997,612.25,1017.099976,106.949997,280.299988
2016-02-24,23779.349609,294.493988,492.5,825,216.733002,637.75,3495.5,5049,491.125,162.199997,1137.5,190.5,90.900002,61.799999,16988,33726,123.400002,584.75,1023.75,109,283.700012
2016-03-02,24659.230469,304.59201,507.924988,827.549988,214.167007,650.900024,3461.550049,5304.450195,513.575012,183.649994,1177.199951,201.149994,91.949997,70.733299,17412,34402.398438,123.074997,594.75,1044.800049,115.349998,282.850006
2016-03-09,24551.169922,315.471008,513.674988,842,211.233002,639.700012,3653.899902,5053.850098,510.200012,185.25,1164.819946,204.949997,95.800003,70.766701,18146.900391,34313.601563,123.900002,598.049988,1019.450012,115.349998,285.950012
2016-03-16,25330.490234,322.493011,526.849976,871.349976,215.800003,664.049988,3699.399902,5274.350098,524.25,197.399994,1237.030029,229.800003,103.449997,77.833298,20065.300781,34817.898438,128.050003,594.650024,1072,121.300003,317.149994
2016-03-23,24900.460938,325.52301,526.625,861.5,213.466995,671.25,3730.850098,5326.149902,517.700012,189.5,1233.930054,230.350006,106.650002,74.066704,20584,36798.101563,122.550003,595.099976,1067.949951,119.599998,315.25
2016-03-30,24883.589844,303.260986,529.150024,868.25,217.667007,669.450012,3546.449951,5724.049805,514.049988,184.5,1231.319946,226.149994,108.800003,75.199997,19802.199219,35775.898438,122.25,590,1104.550049,118.25,314.549988
2016-04-06,25145.589844,320.886993,532,870.700012,215.100006,677.299988,3576.649902,6135.799805,523.575012,187.699997,1256.25,223.649994,111.550003,84.766701,19967.199219,36329.199219,129.225006,604.200012,1166.400024,118.349998,318.649994
2016-04-13,25816.359375,329.148987,544.150024,896.700012,223.567001,683,3718.199951,6125,530.875,186.850006,1261.199951,228.800003,109.199997,88.233299,20031.199219,36686.898438,136.324997,624.150024,1178.949951,120.449997,333.600006
2016-04-20,26007.300781,330.846985,556.700012,885.849976,218.466995,701.099976,3869.449951,5847.100098,508.399994,200.850006,1244,224.399994,106.800003,86.066704,20355.199219,35625.5,131.125,605.299988,1172.550049,121.849998,329.75
2016-04-27,25229.699219,336.906006,558.724976,850.5,211.266998,708.400024,3816.899902,5605.200195,488.024994,184.199997,1240.119995,218.75,105.050003,83,19407.400391,33450,136,597.299988,1150.449951,119.449997,287.899994
2016-05-04,25772.529297,338.604004,572.349976,862.450012,215.533005,721.5,3846.949951,5523.100098,490.674988,189.300003,1261.800049,220.649994,104.949997,85.766701,19743.400391,33337.800781,138.175003,597.200012,1172.900024,118.150002,298.200012
2016-05-11,25773.609375,322.677002,576.799988,833.25,220.233002,709.5,3949.149902,6208.799805,485.100006,177.050003,1285.099976,216.899994,102.75,80.800003,21574.099609,32820.199219,139.800003,606.299988,1162.550049,120.199997,294.149994
2016-05-18,25305.470703,316.938995,570.349976,823.049988,232.399994,699.849976,3917.5,6011.549805,470.024994,169.550003,1233.75,215.449997,101.699997,78.366699,21227.300781,31256.599609,127.175003,657.299988,1127.099976,121.650002,294.350006
2016-05-25,26667.960938,322.815002,590.674988,849.900024,234.399994,746.700012,4167.899902,6098.850098,479.475006,204.850006,1287.550049,228.699997,108.900002,80.466698,22351.599609,33806.199219,137.100006,706.450012,1207.300049,117.900002,285.75
2016-06-01,27009.669922,320.519989,587.099976,896.950012,241.867004,770.400024,4143.200195,6450.450195,477.325012,209.800003,1315.719971,234.350006,106,79.5,22372,33000,136.25,709.950012,1207.099976,119.300003,294.549988
2016-06-08,26395.710938,314.093994,575.799988,866.75,235.533005,747.549988,4104.549805,6584.899902,487.450012,207.550003,1267.349976,233.800003,104.849998,80.933296,21769.300781,31888.300781,139.725006,692.900024,1247.050049,126.5,290.75
2016-06-15,26812.779297,332.498993,582.775024,872.099976,239.033005,746.049988,4157.899902,6521.649902,493.625,213.899994,1323.650024,240.25,102.150002,81.233299,21928.199219,31842.800781,141.975006,692.900024,1264.949951,125.349998,296.149994
2016-06-22,26524.550781,328.001007,583.924988,887.75,245.567001,743.400024,4073.75,6456.649902,479.100006,216.300003,1230.900024,251.899994,99,79.466698,21525.099609,32879.601563,142.350006,706.349976,1290.099976,127.849998,297.100006
2016-06-29,27166.869141,335.803986,582.525024,890.349976,243.199997,740.299988,4170.149902,6531.950195,496.475006,223,1241.349976,253.199997,92.300003,92.933296,22522.699219,34695.898438,147.600006,714.700012,1285.449951,133.800003,306.5
2016-07-06,27808.140625,333.279999,599.799988,922.900024,248.050003,763.599976,4370.049805,6422.75,501.049988,226.449997,1230.75,260.649994,93.550003,92.199997,23375.900391,35217.898438,147.324997,721.75,1300.650024,132.800003,304.700012
2016-07-13,27787.619141,334.427002,609.025024,895.150024,248.5,777.5,4486.399902,6634.700195,507.700012,229.699997,1230.780029,262.5,93.550003,93,24412.900391,34795.199219,142.300003,725.049988,1305.199951,130.050003,300.5
2016-07-20,27976.519531,339.292999,619.349976,902.75,251.550003,749.549988,4485.25,7140.799805,511.649994,226.5,1274.150024,269.950012,94.550003,98.133301,24066.5,33922.398438,148.175003,726.650024,1327.5,131.149994,291.399994
2016-07-27,27981.710938,328.644012,622.099976,928.599976,260.200012,757.150024,4991,6832.25,505.524994,227.850006,1346.050049,263.950012,88.150002,92.5,24388.699219,33910.398438,155.050003,740.349976,1279.449951,138.699997,299.549988
2016-08-03,28085.160156,320.243988,623.625,933,249.199997,764.799988,4968.25,6869.600098,514.924988,234.600006,1325.280029,270.549988,89.349998,93.099998,25310.5,37096.898438,155.024994,723.900024,1324.349976,143.399994,298.899994
2016-08-10,28064.609375,315.378998,612.974976,921.650024,255.100006,772,4862.25,6771.899902,512.099976,246.449997,1345.719971,269.600006,86.699997,91.566704,23974.900391,36116.300781,160.199997,711.849976,1296.150024,138.100006,298.799988
2016-08-17,27990.210938,324.55899,625.900024,921.950012,251.300003,777.349976,4833.25,6808.200195,504.950012,254.600006,1301.599976,270.649994,87.849998,91.300003,23583.099609,35795.199219,167.225006,703.450012,1288.150024,139.399994,307
2016-08-24,28343.009766,304.868011,633.75,924.5,257.350006,785.549988,5068.899902,6705.399902,532.900024,252.199997,1274.349976,274.299988,88.400002,93.766701,24748.400391,37605,171.699997,697.950012,1277.599976,140.199997,325.850006
2016-08-31,28978.019531,295.274994,649.525024,936.950012,262.350006,817.950012,5315.25,6557,510.225006,259.450012,1242.030029,277.049988,85.75,92.233299,24388.199219,39497.898438,179,718.549988,1265.5,141.649994,333
2016-09-07,28353.539063,291.924011,639.974976,918.299988,252.25,813.150024,5328.700195,6435.299805,523.299988,252.699997,1179.550049,260.700012,83.5,98.333298,23484.099609,39043.5,164.899994,701.150024,1241,135.25,320.899994
2016-09-14,28523.199219,293.575989,643.799988,903.150024,257.049988,793.5,5512.850098,6333.600098,537.049988,254.25,1205.550049,266.700012,84,97.166702,23289.699219,43512.101563,167.25,710.700012,1247.449951,138.149994,332.899994
2016-09-21,28223.699219,288.252014,648.849976,895.900024,245.800003,783.849976,5511.049805,6486.899902,555.224976,248.949997,1215.349976,258,81.349998,94.066704,22753.699219,46599.101563,172.975006,695.5,1278.150024,144.699997,347.75
2016-09-28,28334.550781,296.927002,644.775024,859.950012,241.449997,791.650024,5679.950195,6650.049805,547.599976,259.25,1200.550049,256,81.349998,91.933296,22794.400391,51145.898438,183.899994,736.799988,1257,141.949997,377.450012
2016-10-05,28082.339844,290.179993,642.200012,876.049988,240.149994,780.200012,5712.350098,6630.950195,547.974976,256,1190.050049,256.950012,80.699997,90.099998,23131.099609,53108.898438,184.725006,729.150024,1236.449951,151.600006,388.899994
2016-10-12,28050.880859,281.274994,628.700012,854.549988,245.800003,777.200012,5626.049805,6825,539.650024,256.899994,1199.150024,251.449997,83.800003,90.766701,22458.400391,51617,200.100006,722.599976,1229.099976,151.899994,395.399994
2016-10-19,28091.419922,285.544006,625.200012,832.049988,238.75,784.900024,5781.950195,6782.75,529.950012,261.299988,1199.319946,247.949997,87.599998,93.566704,22691.199219,50111.398438,191,713.400024,1213.400024,150.050003,407.149994
2016-10-26,27876.609375,290.730011,629.900024,835.25,239.850006,805.900024,5878.5,6786.100098,524.150024,258.399994,1173.849976,244.399994,90.099998,94.366699,22303.800781,50086.898438,191.375,711.099976,1164.75,138.699997,403.950012
2016-11-02,27591.140625,279.98999,627.299988,842.700012,255.75,810.950012,5661.950195,6451.049805,501.424988,252.600006,1141.849976,244.149994,91.75,95.433296,21548.599609,52051.199219,180.824997,691.599976,1123.25,127.800003,390
2016-11-09,26304.630859,278.062012,627.625,805.200012,237.699997,788.349976,4842.700195,5980.100098,493.799988,278.100006,1061.050049,209.949997,82.650002,89.233299,19501.900391,50094.101563,179.625,616.599976,1098.949951,117.050003,347.600006
2016-11-16,25960.779297,279.118011,598.650024,819.799988,226.199997,769.049988,4930.5,5892.950195,500.549988,257.399994,1067.150024,195.550003,75.75,83,18543.300781,46970.898438,188.774994,613.049988,1075.699951,117.5,349.25
2016-11-23,26394.009766,297.615997,589.525024,834,231.199997,743.849976,5090.850098,6270.899902,497.924988,252.949997,1129.199951,205.25,80,86.300003,20188.800781,49105.898438,185.074997,628.599976,1086.150024,121.650002,358.600006
2016-11-30,26392.759766,302.067993,596.599976,837.75,230.25,734.5,5141.700195,6263.950195,501.674988,259.149994,1095.219971,210.350006,78.050003,85.400002,20489.699219,50299.101563,191.524994,638.049988,1125.550049,123.449997,355.549988
2016-12-07,26697.820313,302.802002,592.900024,829.75,235.300003,730.450012,5160.850098,6327.450195,519.950012,265.5,1100.430054,206.600006,77.949997,83.833298,20931.199219,52625.800781,188.149994,611.75,1132.900024,123.599998,381.950012
2016-12-14,26307.980469,277.464996,590.799988,801.099976,229.399994,717.950012,5102.350098,5934.299805,529.549988,254.550003,1168.880005,204.550003,77,80.433296,19266.900391,49822.800781,186.425003,598.900024,1090.349976,121.25,369.950012
2016-12-21,26213.439453,274.848999,592.700012,806.400024,234.100006,711.75,5226.899902,5886.049805,532.200012,248.699997,1160.930054,202.699997,77.949997,79.533302,19909.900391,48642.398438,179.074997,584.950012,1060.949951,120.199997,352.399994
2016-12-28,26643.240234,278.751007,595.200012,829.650024,243.25,710.900024,5510.299805,6054.450195,545.325012,244.850006,1184.25,214.949997,81.099998,83.199997,20809.900391,50407.800781,190,606.599976,1109.800049,124.300003,377.399994
2017-01-04,26899.560547,293.85199,606.174988,830.349976,248.899994,711.75,5675.350098,5874.5,543.549988,247.850006,1157.719971,209.949997,84.900002,85.466698,21116,53001.101563,181.324997,631.099976,1170.400024,124.349998,383.100006
2017-01-11,27235.660156,291.510986,619.224976,840.549988,251.850006,726.150024,5666.5,5883.049805,520.650024,256.149994,1138.819946,212.949997,85.800003,85.300003,21420.699219,53587.300781,180.300003,628.099976,1172.550049,127.650002,379.200012
2017-01-18,27375.580078,290.408997,633.875,860.950012,259.75,742.849976,5739.149902,5962,513.775024,254.699997,1159,223.350006,88.75,87.766701,21780.199219,52449.800781,185.725006,654.75,1163.25,128.600006,401.200012
2017-01-25,27655.960938,319.372009,643.474976,855.150024,258.049988,772.549988,5896.5,5842.200195,521.700012,260,1114.949951,229.100006,90.800003,91.366699,22141.800781,51677.398438,186.975006,673.849976,1148.849976,129.050003,385.350006
2017-02-01,28335.160156,323.273987,653.724976,854.950012,277.100006,774,6205.899902,6155.399902,515.349976,277.5,1122.400024,234.800003,94.099998,101.266998,22391.300781,50380.699219,190.300003,672.450012,1230.900024,141.649994,392.100006
2017-02-08,28339.310547,338.742004,655.299988,848.25,270.799988,790.400024,5938.799805,6209.799805,524.125,270.5,1201.469971,237.699997,92.25,104.599998,22428.599609,50261.101563,192.199997,670.349976,1213.099976,141.5,409.350006
2017-02-15,28761.589844,333.187988,706.150024,862.799988,263.350006,797,6062.700195,6354.100098,544.125,270.649994,1232.150024,238.699997,95.199997,103.032997,21729.900391,50146.101563,200.125,700.799988,1223.349976,141.75,429
2017-02-22,28743.320313,335.208008,694.599976,864.900024,262.149994,801,5922.850098,6255.049805,619.125,269.200012,1233.25,228.800003,90.550003,108,21587.900391,51792.398438,203.050003,681.900024,1206.25,138,428.450012
2017-03-01,28999.560547,331.580994,693.075012,872.599976,264.25,817.299988,5886.049805,6302.549805,652.400024,268.049988,1250.349976,225.100006,91.300003,106.932999,21326.699219,52101.199219,197.475006,672.799988,1210.849976,142.699997,424.649994
2017-03-08,29442.630859,331.718994,704.900024,913.799988,267.149994,835.349976,6131.700195,6114.299805,644.700012,274.700012,1281.180054,233.5,90.800003,107.599998,22608.400391,52981.398438,192.5,697.400024,1251.849976,139.5,435.799988
2017-03-15,29485.449219,320.933014,720.775024,903.799988,287.649994,859.650024,6077.399902,6333.299805,631.900024,272.299988,1243.069946,237.199997,88.900002,112.733002,22911.400391,58071.601563,197.274994,698.75,1246.699951,146,439.549988
2017-03-22,29409.519531,312.71701,709.375,902.549988,280.5,859.849976,5975.549805,6497.799805,622.825012,282.149994,1214.930054,228.550003,86.449997,112.266998,22949.800781,58312.199219,205.274994,696.700012,1246.550049,150.649994,432.299988
2017-03-29,29910.220703,313.63501,716.349976,918.549988,281.700012,875,6072.350098,6576.850098,685.599976,293.149994,1206.650024,236.050003,84.099998,111.333,22606.900391,60877.898438,207,702.299988,1301.25,151.899994,435.200012
2017-04-05,29788.349609,321.483002,719.525024,923.299988,282.149994,880.75,6248.200195,6565.049805,687.049988,293.700012,1210.400024,248.149994,82.400002,117.633003,22767.5,62057.398438,210.875,705.599976,1315.650024,152.699997,473.5
2017-04-12,29319.099609,310.789001,722.875,913.099976,278.950012,880.799988,6137.649902,6328.399902,685.224976,290.149994,1154.319946,241.050003,81.599998,113.432999,22605.5,62662.199219,215.774994,710.799988,1297.949951,147.899994,468.850006
2017-04-19,29943.240234,325.109985,768.099976,924.049988,281.200012,898.200012,6342.049805,6325.25,716.25,286,1155.650024,246.350006,88.099998,118.567001,22589.599609,66444.601563,214.600006,726.650024,1341.550049,151.699997,488.950012
2017-04-26,29921.179688,319.005005,770.875,928.700012,278.600006,917.799988,6705.649902,6714.600098,685.450012,288.25,1145.969971,241.699997,83.599998,116.900002,23073.800781,68441.101563,212.925003,719.200012,1334.050049,157.75,494.700012
2017-05-03,29933.25,317.169006,767.700012,952.099976,271.549988,907.150024,6629.5,6702.950195,665.299988,296,1176.380005,257.5,82.900002,117.866997,23322.900391,66658.898438,214.425003,743.400024,1446.449951,154.100006,499.299988
2017-05-10,30582.599609,343.973999,779.575012,998.150024,283.450012,961.900024,6952.600098,6476.25,678.200012,307,1213.619995,260.600006,86.599998,113.699997,24588.099609,65990.898438,224.675003,762.549988,1414.5,154.300003,532.799988
2017-05-17,30365.25,340.990997,784.325012,1020.099976,300.25,939.700012,6880.299805,6568.950195,652.200012,289.149994,1260.219971,239.899994,84.550003,103.967003,23042.800781,63708.398438,212.850006,735.349976,1360.550049,144.5,525.150024
2017-05-24,31159.400391,339.429993,814.424988,1070.650024,310.399994,961.799988,7146.799805,6604.899902,679.424988,288.799988,1275.849976,242.649994,93.5,93.333298,23464.800781,65218.601563,218.699997,764.849976,1363.550049,145.600006,540.450012
2017-05-31,31190.560547,338.144989,819.474976,1092.800049,311,966.849976,7116.950195,6679.200195,656.700012,287.25,1347.699951,235.399994,91.75,92.366699,23661.900391,68670.296875,224.449997,799.5,1349.099976,152.850006,536.099976
2017-06-07,31103.490234,333.739014,839.825012,1102.599976,304.700012,974.200012,7348.950195,6689.5,656.299988,283.799988,1226.699951,231.600006,95.099998,93.300003,24151.5,72307.5,215.899994,814.299988,1327.300049,156.300003,555.75
2017-06-14,31297.529297,335.988007,843.900024,1096.099976,308.5,982.650024,7215.450195,6704.299805,706.125,290,1220.75,240.449997,93.099998,91.800003,24714.599609,71733.601563,222.324997,812.599976,1330,157.199997,549.200012
2017-06-21,30958.25,341.312012,833.950012,1092.150024,311.649994,974.299988,7191.399902,6604.049805,717.950012,279.399994,1172.949951,240.100006,90.949997,89.300003,23269.400391,68592.5,217.425003,806.900024,1305.599976,147.300003,533.099976
2017-06-28,31209.789063,348.196991,825.849976,1090.300049,337.100006,959,7371.549805,6848.850098,711.349976,273,1182,248.899994,99.300003,89.266701,23492.699219,70339.796875,213.800003,820.200012,1344.599976,150,550.549988
2017-07-05,31747.089844,363.02301,840.275024,1107.150024,330.399994,958.700012,7451.100098,6791.299805,747.599976,283.600006,1235.949951,255.199997,105.25,93.199997,23783.800781,69227.398438,217.75,815.650024,1348.550049,168.899994,566
2017-07-12,31710.990234,374.77301,841.275024,1158.199951,284.600006,977.5,7555.450195,6861.950195,759.950012,290.450012,1202.619995,265.450012,105.599998,95.533302,24387.099609,69879.898438,207.25,815.299988,1346.849976,173.899994,571.5
2017-07-19,32228.269531,392.536987,869.674988,1149.449951,291.399994,987.400024,7514.850098,6816.399902,801.674988,296.25,1285.319946,267.5,104.900002,96.966698,24187.900391,70283.203125,206.149994,827.849976,1365.300049,171.050003,570.299988
2017-07-26,32575.169922,382.300995,897.700012,1173,287.75,1015.599976,7859.100098,6697.399902,801.775024,308.799988,1249.969971,261.049988,111,96.366699,24604.599609,69273,211.600006,795.799988,1397.599976,167.600006,596.599976
2017-08-02,32014.189453,383.723999,890.075012,1186.25,274.200012,987.900024,7756.450195,6684.799805,801.700012,303.850006,1248.900024,275,112.050003,89.866699,24171.400391,66721,211.199997,809.450012,1344.300049,165.949997,595.5
2017-08-09,31449.029297,375.049011,878.924988,1152.349976,271.149994,982.450012,7617.25,6643.450195,786.575012,278.049988,1234.569946,265.549988,104.800003,84.300003,22144,63787.101563,217.550003,814.150024,1288.949951,178.699997,553.75
2017-08-16,31291.849609,387.075012,875.200012,1200.75,283.049988,969.900024,7498.450195,6618.700195,781.674988,274.100006,1248.030029,272.950012,100.349998,83.599998,21898.400391,62603.101563,229.25,817.049988,1264.650024,189.800003,582.25
2017-08-23,31388.390625,393.270996,873.650024,1191.150024,280.299988,964.900024,7525.850098,6955.200195,765.875,276.700012,1237.469971,275.100006,104.949997,84.599998,21747.300781,62900.800781,222.949997,827.299988,1272.650024,190.149994,594.75
2017-08-30,31809.550781,373.166992,878.25,1202.699951,282.399994,987,7816.299805,7022.950195,816.5,277.299988,1238.819946,281.850006,113.150002,87.433296,22275.599609,64426.898438,225.600006,841.099976,1287.599976,196.550003,612.650024
2017-09-06,32158.660156,371.697998,917.075012,1246.650024,277.549988,1021.900024,8161.100098,7371.5,823.299988,273.5,1243.400024,288.850006,118.25,88.033302,22127.800781,65255.101563,236.149994,850.849976,1345.25,211.949997,641.299988
2017-09-13,32402.369141,362.334015,925.775024,1279.900024,267.799988,1034.449951,8148.299805,7272.100098,840,267.799988,1249.150024,284.200012,118.150002,89.733299,21855.599609,64205.898438,237,852.450012,1406,216,659.349976
2017-09-20,31599.759766,355.540985,895.674988,1217.550049,262.100006,994.450012,7885.549805,7072.149902,819.200012,257.899994,1237.449951,260.950012,113.75,85.033302,21488.800781,62745.101563,232.449997,791.5,1325,204.699997,647.849976
2017-09-27,31497.380859,354.027008,904.349976,1186.550049,261.350006,1006.299988,7888.5,7313.100098,798.349976,251.300003,1223.530029,268.850006,122.300003,83.150002,20421.099609,63228.398438,233,790.799988,1194.25,206.5,654.650024
2017-10-04,31924.410156,352.558014,901.325012,1208.150024,265.799988,1054.849976,7897.75,7288.299805,843.400024,256.649994,1229.780029,278,126.349998,86.650002,21279.099609,64701.199219,246.149994,802.549988,1236.349976,208.399994,685.799988
2017-10-11,32609.160156,427.742004,925.424988,1285,267.200012,1079.800049,7864,7378.899902,874.25,251.149994,1297.5,281.149994,128.199997,84.5,22006.599609,63834.800781,260.549988,806,1221.199951,211,689.099976
2017-10-18,32607.339844,460.515015,932.575012,1271.25,267.100006,1067.699951,7875.350098,7243.549805,934.75,254.5,1290.300049,282.25,128.399994,87.949997,21345.800781,63051.199219,268.950012,800.25,1216.550049,209.199997,693.849976
2017-10-25,33213.128906,456.842987,904.400024,1236.849976,266.100006,1024.550049,8217.099609,7221.100098,940.799988,305.799988,1308.150024,281.75,130.899994,97.75,21018.699219,66327.796875,259.850006,781.900024,1272.849976,226.600006,725.299988
2017-11-01,33370.761719,472.173004,912.025024,1234.599976,265.649994,1012.299988,8235.25,7695,906.650024,317.200012,1354.180054,276.25,122,93.150002,20791.400391,65691.398438,263,757.75,1237.349976,225.050003,707.849976
2017-11-08,32941.871094,457.209991,901,1283.449951,256.549988,999.349976,8128,7648.450195,886.200012,329.200012,1358.380005,271.399994,114,91,19661.900391,67743.5,258,822.450012,1178.150024,246.649994,701
2017-11-15,33478.351563,461.891998,923.025024,1277.199951,256.299988,1029.449951,8423.5,7749.700195,932.400024,330.75,1338.319946,261.75,114.75,87.5,19252.900391,69801.796875,252.850006,836.5,1196.199951,273.5,708.299988
2017-11-22,33618.589844,451.838989,931.474976,1267.849976,256.950012,1028,8626.200195,7496.450195,942.950012,332.649994,1342.449951,263.350006,121.5,94.150002,18965.400391,69534.601563,258.649994,849.549988,1214.949951,287.950012,743.099976
2017-11-29,32802.441406,450.278992,911.525024,1260.650024,254.050003,999.75,8496.25,7695,911.5,319.299988,1316.900024,260.149994,114.150002,90.050003,19941.900391,66836,249.449997,833,1165.599976,279.950012,737.299988
2017-12-06,33227.988281,480.985992,912.025024,1314.949951,261.549988,1000.599976,9142.75,7910.899902,915.049988,318.399994,1307.069946,265.350006,113.849998,91.599998,19925.699219,66591.398438,251.149994,887.950012,1159.300049,287.899994,760
2017-12-13,33836.738281,492.415009,942.575012,1347.699951,264.600006,1020,9804.5,7903.399902,924,319.450012,1287.530029,269.950012,117.900002,90.099998,19873.800781,69404.101563,254.149994,885.400024,1201.099976,300.149994,785.299988
2017-12-20,34010.609375,498.290009,932.849976,1347.949951,264,1014.75,9670.849609,7827.549805,928,316.850006,1321.400024,272.149994,119.400002,93.050003,20263.900391,74017.398438,254.199997,926.099976,1238.949951,305.649994,769.950012
2017-12-27,33812.261719,473.963013,936.349976,1339.449951,260.950012,1002.599976,9545.150391,7859.549805,911.400024,302.899994,1316.880005,267.649994,123.300003,98,19720.400391,71222.5,252.899994,888.75,1259.449951,311.100006,775.599976
2018-01-03,34443.191406,468.179993,931.775024,1363.349976,270.5,1006.349976,9386.75,7796.149902,940.900024,304.25,1354.219971,276.850006,130.5,101.150002,19842.900391,72941.703125,253.100006,914.900024,1299.400024,315.549988,771.650024
2018-01-10,34771.050781,456.153992,951.849976,1381.300049,261.75,1032.599976,9320.5,7757.75,923.5,296.149994,1425.430054,276.600006,122.300003,98.800003,19801.300781,70272.296875,238.949997,896.349976,1289.599976,316.299988,722.650024
2018-01-17,36139.980469,450.645996,975.650024,1366.849976,276.299988,1074.300049,9397,7591.600098,981.700012,318,1551.550049,263,124.099998,104.400002,19794.099609,69966.398438,245.949997,886.200012,1314.349976,307.200012,707
2018-01-24,36033.730469,404.011993,999.424988,1399.449951,275.399994,1089.550049,9569.799805,7436.75,949.25,312.850006,1576.849976,260.950012,125.650002,101.599998,19496.199219,68180.796875,257.200012,886.25,1284.5,303.850006,712.900024
2018-01-31,34195.941406,402.772003,948.724976,1328.25,273.700012,1033.550049,8984.450195,7012.200195,892.75,291.5,1497.680054,255,126.849998,92.150002,19516.199219,68489.796875,243.850006,866.599976,1251.5,266.850006,649.349976
2018-02-07,34300.46875,389.278015,938.275024,1346.300049,269.850006,1042.800049,9106.099609,7136.5,914.700012,288.5,1483.949951,257.100006,133.350006,97.599998,19544.199219,71525,248.5,892.25,1254.199951,284.799988,661.5
2018-02-14,33703.589844,383.403015,931.849976,1333.949951,262.799988,1045,8724.799805,7554.850098,919.400024,269.649994,1472.530029,263.100006,133.350006,93.150002,19395.699219,70737.898438,243.850006,893.599976,1239.099976,262.950012,650.200012
2018-02-21,34346.390625,395.70401,952.125,1343.449951,266.200012,1092.650024,8891.950195,7761.200195,949.950012,267.799988,1521.619995,252.050003,137.699997,91.300003,19049.800781,72637,249.199997,886.299988,1164.25,274.700012,675.799988
2018-02-28,33317.199219,379.914001,925.974976,1293.199951,256.5,1082.099976,8618.650391,7687.549805,910.900024,256.5,1524.900024,240.949997,139.399994,88.199997,18120.199219,71510,233.949997,882.549988,1128.550049,272.700012,645.099976
2018-03-07,33856.78125,390.976013,929.950012,1317.75,268.649994,1084.550049,8753.5,7703.450195,930.599976,254.899994,1446.219971,239.199997,150,86.800003,18462.5,71692.898438,238.75,900.299988,1118.800049,277.600006,642.700012
2018-03-14,32996.761719,367.338013,919.599976,1312.900024,258.75,1045.599976,8798.400391,7841.049805,889.549988,249.25,1429.569946,230.600006,145.850006,84.050003,17922.800781,69613.203125,235.75,902.650024,1111.300049,261.950012,623.200012
2018-03-21,33174.390625,377.710999,946.599976,1332.5,258.5,1049,8853.650391,8083.850098,899.950012,253.850006,1420.930054,231.949997,144.649994,82.75,17705.900391,72397.398438,226.899994,926.799988,1096.599976,263.350006,616.849976
2018-03-28,33370.628906,368.714996,958.049988,1348.449951,258.399994,1103,9023.799805,8360.700195,898.799988,250.350006,1454.050049,240.75,147.699997,85.449997,19116.199219,75580,232.300003,962.75,1123.5,274.450012,649.349976
2018-04-04,33880.25,353.934998,959.549988,1390.900024,266.350006,1113.599976,9259.700195,8503.450195,916.450012,263.25,1465.930054,235.050003,145.300003,88.650002,19764.800781,76986.203125,236.149994,997,1115.150024,275.200012,641.299988
2018-04-11,34395.058594,350.03299,973.700012,1445.75,267.75,1165.099976,9158.25,9015.950195,943.700012,248.199997,1582.949951,244.449997,149.050003,87.949997,19414.800781,79796,243,1038.349976,1077.900024,280.100006,674.200012
2018-04-18,34616.640625,372.799988,968,1458.699951,275.649994,1166.800049,9068.400391,8823.299805,969.75,240.600006,1692.819946,246.949997,158.850006,88.199997,19587.199219,78028.398438,238,1066.949951,1087.650024,283,663.900024
2018-04-25,35160.359375,375.96701,972.299988,1509.050049,281.450012,1210.349976,8822.799805,9406.349609,963.099976,246.300003,1765.699951,250,164.449997,87.75,19402.599609,79881.898438,226.699997,1086.550049,1121.050049,297.600006,667.75
2018-05-02,35216.320313,367.888,983.299988,1495.199951,282.350006,1241.400024,8775.150391,9116.950195,967.650024,250,1720.530029,230,165.449997,83.25,19032.599609,75681.296875,218.300003,1105.599976,1042.849976,290.100006,625
2018-05-09,35543.941406,348.289001,1019.599976,1516,281.799988,1282.150024,8725.900391,9547.450195,979.349976,248.600006,1741.219971,214.550003,151.050003,78.300003,18307.699219,74590.296875,209.300003,1090.150024,1052.949951,242.449997,621.349976
2018-05-16,34651.238281,332.223999,995.575012,1575.650024,278.799988,1264.400024,8559.400391,9616.049805,926.900024,254.149994,1754.030029,208.199997,141.199997,76.199997,18122.400391,73955.796875,210.600006,1118.300049,1021.299988,246.300003,563.75
2018-05-23,34949.238281,347.233002,1016.380005,1572,273.450012,1283.150024,8681,9518.75,917,264.899994,1761.349976,208.550003,149.550003,83.599998,18545.699219,76495.5,213.75,1168.949951,1051.300049,257.100006,594.099976
2018-05-30,34903.210938,333.967987,1030.280029,1563.900024,267.299988,1304.25,8810.349609,9542.049805,947.849976,263.5,1721.199951,202,146.550003,73.199997,17905.699219,73882.601563,216.699997,1091.449951,966.700012,263.100006,566.25
2018-06-06,35692.519531,349.803986,1022.380005,1640.449951,270,1331.349976,9017.200195,9838.700195,995.400024,282.850006,1781,206.899994,144.100006,78.300003,18024.800781,75490,220.75,1058.449951,1040.449951,267.5,581.5
2018-06-13,35286.738281,340.716003,1012.700012,1601.050049,266.149994,1307.150024,8868.450195,9613,995.650024,272.399994,1825.849976,200,136.449997,74.400002,17931.300781,74683.101563,215.449997,1060.050049,997.75,266.450012,590.700012
2018-06-20,35490.039063,348.977997,1046.530029,1621.5,264.200012,1330.75,8950.099609,10073,978.700012,267.149994,1852.699951,212.149994,132.649994,73.300003,17736.699219,74955.898438,212.800003,1055.349976,988.700012,266.700012,585.849976
2018-06-27,35378.601563,339.842987,1035.219971,1642.75,265.149994,1352.550049,8979.5,9771.349609,971.599976,257.75,1875.900024,200.850006,129.350006,70.050003,17515.300781,75337.898438,217,1064.800049,972.099976,280.950012,559.450012
2018-07-04,36239.621094,337.22699,1073.550049,1687.25,276.25,1372.449951,9531.049805,10010.099609,1025.75,263.5,1877,204.100006,133.899994,71.400002,17822.199219,75913.796875,222.800003,1073.75,1013.200012,275.450012,585.950012
2018-07-11,36519.960938,314.184998,1088.349976,1683.75,269.799988,1402.699951,9451.200195,10531.700195,1091.699951,259.25,1997.849976,195.649994,128.5,68.050003,17457.400391,74742.898438,209,1059.300049,960.099976,247.75,572.849976
2018-07-18,36825.101563,327.174988,1080.300049,1668,284.25,1313.349976,9820.349609,10298.200195,1110.550049,266.700012,1996.849976,212.699997,112.75,73.300003,18692.300781,77609.601563,216.050003,1076.349976,963.950012,245.899994,551.849976
2018-07-25,37606.578125,358.661987,1090.530029,1731.599976,297.200012,1309.349976,9506.400391,10537.200195,1185.849976,293.399994,1941.25,230.050003,112.800003,73.949997,18699.699219,79457.601563,229.149994,1122.599976,984.400024,247,517.450012
2018-08-01,37665.800781,350.07901,1066.069946,1730.400024,301.049988,1283.5,9396.799805,10530.5,1183.550049,304,1968.099976,229.75,119.599998,73.449997,19088.699219,77201.5,230.25,1105.849976,1031.449951,237.600006,548.75
2018-08-08,37852,336.446991,1044.569946,1747.099976,307.25,1291.599976,9129.849609,10885.200195,1210.949951,294.700012,2001.25,226.550003,126,72.300003,19126.800781,73827.101563,222.149994,1122.699951,1007.349976,237.550003,519.349976
2018-08-15,38285.75,337.593994,1047.430054,1752.400024,312.75,1263.599976,9105.049805,10887.799805,1246.5,306.899994,2013.650024,238.699997,128.550003,75.5,18892.800781,74518.101563,228.199997,1145.199951,1029.849976,240.600006,541
2018-08-22,38896.628906,345.580994,1048.449951,1770.800049,311.5,1284.550049,9418.349609,11344.5,1318.199951,304.950012,2065.550049,236.25,132.449997,77.699997,18829.5,73351.101563,231.699997,1155.050049,1028,233.850006,569.400024
2018-08-29,38157.921875,346.773987,1026,1651.400024,309.649994,1259.699951,8873.650391,10837.200195,1242.349976,296.600006,2093.199951,227.850006,128,78.599998,20924.800781,70959.5,236.600006,1121.5,983.349976,223.899994,558.5
2018-09-05,37413.128906,348.701996,1000.099976,1591.449951,297.25,1206.400024,8512.849609,10059,1238.449951,282.299988,2045.949951,219.699997,127.599998,77,20520.800781,69748.796875,239.399994,1115.800049,958.150024,216.350006,574.200012
2018-09-12,37290.671875,342.919006,996.674988,1666.150024,302.600006,1216.25,8400.099609,10280.200195,1217.199951,274,2070,223.350006,126.400002,73.699997,20736.699219,68811,231.300003,1114.849976,965.849976,234.649994,593.200012
2018-09-19,36652.058594,330.571991,975.849976,1634.300049,301.049988,1182.5,8003.299805,9727.049805,1230.599976,270.25,2183.100098,225.550003,121.900002,71.550003,20116.900391,65922.296875,225.449997,1104.25,938.950012,235.600006,595.599976
2018-09-26,36526.140625,299.130005,1018.169983,1642.849976,296.700012,1124.449951,7465.299805,9625.5,1231.550049,273.049988,2255.800049,222.050003,119.849998,71.050003,19686.300781,62889,222.350006,1038.25,943.700012,230.5,555.599976
2018-10-03,34299.46875,264.934998,971.275024,1514.75,268.5,1108.449951,6691.899902,9487.150391,1090.400024,262.649994,2090.5,205.149994,110.550003,70.099998,18440.400391,61889.898438,212.149994,916.25,889.25,216.100006,494.600006
2018-10-10,35162.480469,269.799988,996.200012,1544.349976,282.549988,1176.800049,7149.950195,9734.200195,1163.650024,270.200012,1961.699951,221.399994,120.150002,76.199997,18971.800781,63214.800781,224.300003,993,938.849976,234.5,551.5
2018-10-17,33847.230469,262.455994,992.5,1553.849976,285.899994,1177.75,6763.049805,9342.349609,1052.599976,255.350006,1844.150024,201.149994,111.5,74.050003,17724.300781,61768.699219,211.899994,924,857.349976,218.899994,536.049988
2018-10-24,33891.128906,267.917999,956.950012,1592.25,279,1124.75,6697.850098,9712.549805,1057.150024,273.149994,1895.400024,192.5,115.199997,69.050003,19656.599609,64069.800781,217.350006,936.200012,904.599976,226.899994,538.450012
2018-10-31,34991.910156,280.036011,975.474976,1628.25,277.399994,1129,7073.25,10168.799805,1103.449951,286.5,1931.949951,203.649994,120.849998,69.300003,19347.900391,65016.398438,214.600006,995.950012,938.700012,214.350006,550.049988
2018-11-07,35144.488281,273.05899,964.599976,1672.150024,276.899994,1165,7146.399902,10165.5,1099.550049,278.149994,1935.800049,205.800003,119.050003,68.699997,19664.699219,65825.796875,223.050003,1059.199951,915.650024,219.899994,544.849976
2018-11-14,35474.511719,304.54599,1007.619995,1693.550049,283.600006,1173.400024,7332.149902,10249,1138.650024,283.049988,1877.75,215.100006,107.300003,67.300003,18646.400391,65804.203125,215.199997,1127.550049,934.900024,216.100006,537.849976
2018-11-21,35513.140625,301.562988,1029.469971,1732.650024,284.75,1173.949951,7629.600098,10518.799805,1127.5,289.049988,1888.349976,215.350006,109.900002,66.849998,18458.199219,68597.203125,217,1168.449951,906.25,217.649994,543.25
2018-11-28,36134.308594,292.290985,1044.380005,1808.25,281.850006,1225.349976,7724.75,10589.700195,1151.550049,282.299988,2009.400024,219.449997,107.300003,70.449997,18577.5,66055.5,212.600006,1159.900024,941,209.600006,555
2018-12-05,35150.011719,266.312012,1030.400024,1795.199951,274.649994,1218.5,7309.850098,10633.299805,1096.199951,281.200012,1998.349976,212.399994,102.900002,64.650002,19098.5,65942,206.899994,1120.949951,939.700012,202.649994,551.599976
2018-12-12,36347.078125,291.144012,1068.219971,1841.099976,278,1237.099976,7757.700195,11093.400391,1136.449951,292.549988,1987.699951,219.75,104.75,69.849998,19861.800781,67518.601563,223.649994,1167.949951,980.099976,209.800003,575.799988
2018-12-19,35470.148438,283.661987,1042.030029,1783.550049,276.25,1237.650024,7513.700195,10931.200195,1090.050049,292.799988,1915.550049,214.050003,104.300003,71.150002,19414.900391,66104.898438,222.399994,1117.849976,995.950012,219.199997,558.5
2018-12-26,36068.328125,287.242004,1061.219971,1818.050049,281.649994,1254.75,7462.299805,11107.200195,1121.050049,295.649994,1893.550049,224.399994,102.550003,73,19622.900391,67088.203125,223.5,1107.449951,1047.150024,219.399994,571.200012
