Date,NIFTY50,BHARTIARTL.NS,HDFCBANK.NS,HINDUNILVR.NS,ITC.NS,KOTAKBANK.NS,MARUTI.NS,NESTLEIND.NS,RELIANCE.NS,SBIN.NS,TCS.NS,AMBUJACEM.NS,ASHOKLEY.NS,BHEL.NS,BOSCHLTD.NS,MRF.NS,PETRONET.NS,PIDILITE.NS,SIEMENS.NS,TATAGLOBAL.NS,TVSMOTOR.NS
2014-01-01,6162.25,304.559998,332.200012,558.950012,211.132996,354.075012,1845.75,5381.899902,421.049988,166.139999,1103.069946,175.25,18.35,110,9777.349609,19120.300781,60.575001,283.350006,624.599976,156.5,74.900002
2014-01-08,6241.850098,301.117004,336.149994,538.400024,216.300003,355.649994,1773.349976,5379.450195,440.75,162.75,1163.380005,167.649994,17.4,108.133003,9758.799805,19264.199219,58.75,281.700012,607.650024,152.050003,75.800003
2014-01-15,6313.799805,279.953003,338.049988,559.799988,219.367004,353.149994,1801.900024,5177.25,431.524994,165.949997,1140.150024,170.899994,16.799999,113.167,9556.450195,19624.699219,56.375,282.700012,593.700012,147.850006,71.5
2014-01-22,6126.25,280.963013,322.225006,569.700012,217.766998,329.899994,1566,4959.350098,422.424988,159.630005,1106.180054,158,16.35,109.567001,9097.75,19034.300781,52,281,527,138.949997,67.75
2014-01-29,6000.899902,290.373993,315.299988,570.25,216.600006,332.649994,1619.650024,4960.450195,410.774994,151.539993,1075.680054,155.800003,16.450001,108.567001,8995.349609,19895.199219,57.625,275.5,541.099976,143.149994,84.699997
2014-02-05,6062.700195,279.677002,322.399994,562.450012,216.733002,323.625,1678.150024,5057.899902,402.625,151.970001,1050.849976,160.699997,15.7,103.400002,9105.900391,19161.900391,58.825001,273.399994,544.799988,144.850006,83.150002
2014-02-12,6127.100098,277.519012,330.200012,562.25,211.266998,340.149994,1708.449951,5024.75,406.575012,150.095001,1083,152.75,15.35,99.766701,8980.450195,18850.199219,57.674999,275.5,562.450012,140.199997,82.150002
2014-02-19,6200.049805,263.609009,335.549988,554.450012,214.632996,337.875,1678,5000.649902,405.274994,150.600006,1094.449951,164.100006,15.5,106.467003,9475.25,19085.800781,59.674999,285.100006,585.5,141.199997,85.849998
2014-02-26,6297.950195,263.838989,335.850006,554.900024,221.100006,338.350006,1597.400024,4710.5,406.475006,155.035004,1120.319946,168.350006,15.6,111.300003,9236.799805,19633.300781,61.950001,288.5,622.150024,140.399994,87.349998
2014-03-05,6511.899902,278.253998,362.575012,560.349976,222.667007,372.100006,1754.150024,4798.799805,437.375,167.479996,1075.819946,184.300003,17.549999,126.233002,9407.200195,20785.900391,63.5,281.850006,677.799988,145.149994,86.099998
2014-03-12,6516.649902,270.95401,367,556.049988,237.266998,382.649994,1868.199951,4791.200195,448.225006,170.130005,1061,184,17.5,126,9552.049805,21591.800781,63.875,281.200012,687.049988,143.149994,88.900002
2014-03-19,6589.75,270.725006,375.075012,592.75,241.867004,386.325012,1901.699951,4720.100098,439.649994,174.339996,1073.319946,183.399994,20.299999,131.033005,10398.700195,22205.699219,67.625,289.799988,712.849976,142.899994,97.050003
2014-03-26,6721.049805,289.548004,369.049988,601.75,234.632996,381.850006,1930.849976,4847.850098,471.299988,189.365005,1088.349976,203.149994,22.6,129.667007,10767.099609,21669.300781,69.5,306.850006,739.950012,154.25,96.449997
2014-04-02,6695.049805,291.476013,362.674988,604.799988,230.300003,384.725006,1904.949951,4917.25,472.075012,192.240005,1076.900024,209.399994,23.049999,118.432999,10368.5,22290.699219,69.025002,316.850006,748.299988,151.449997,95.5
2014-04-09,6733.100098,298.638,361.975006,612.150024,227.300003,395.424988,1927.199951,4833.799805,474.549988,196.404999,1126.380005,213.850006,23.6,121.333,10224.299805,23464.199219,71,323.899994,756.25,153.050003,88.949997
2014-04-16,6815.350098,307.819,363.774994,596.450012,233.832993,400.649994,1975.599976,4722.75,483.875,204.854996,1110.530029,214.600006,23.75,124.532997,10345.5,22228.599609,71.574997,337.950012,757.5,157.850006,88.099998
2014-04-23,6715.25,307.589996,357.899994,562.450012,226.867004,403.5,1916.5,4725.25,470.149994,206.580002,1097.119995,202.399994,22.700001,124.366997,10544.900391,20721.599609,71.650002,314.600006,716.5,151.300003,92.349998
2014-04-30,6715.299805,289.134003,360.100006,553.700012,231.966995,403.475006,1910.25,4686.549805,481.674988,205.220001,1099.449951,198.850006,22.5,119.300003,10495.5,20812.699219,72.275002,300.200012,669.650024,145.100006,104.349998
2014-05-07,7108.75,293.083008,394.075012,577.599976,240.567001,430.524994,2090.350098,4873.5,531.700012,227.610001,1105.469971,221.649994,25.549999,145.966995,10748.200195,21404.800781,70.550003,313.850006,773.549988,146.399994,118
2014-05-14,7275.5,319.113007,408.024994,562.599976,227.233002,451.524994,2194,4565.950195,539.924988,252.664993,1034.099976,216.949997,28.35,185.199997,11369.5,22775.900391,75.699997,323.850006,916.900024,153.449997,119.449997
2014-05-21,7318,308.415985,402.450012,560.150024,229.199997,435.299988,2302.050049,4737.75,543.974976,262.934998,1065.719971,208.449997,31.799999,163.766998,12146.700195,22731.699219,74.375,322.200012,926.299988,156.399994,129.199997
2014-05-28,7415.850098,330.727997,412.174988,593.450012,222.266998,436.600006,2336.850098,4809.75,547.700012,264.519989,1064.300049,231,33.400002,171.567001,12235,23198.400391,78.900002,302.850006,938.75,150.300003,131.899994
2014-06-04,7656.399902,331.96701,408.325012,640.25,224.899994,450.049988,2464.300049,4965.200195,559.150024,266.579987,1079.069946,230.149994,33.549999,170.533005,11767.599609,24242.800781,79.099998,291.299988,953.799988,174.850006,130.350006
2014-06-11,7631.700195,310.574005,423.274994,630.349976,224.033005,468.625,2414.449951,5004.200195,545.025024,265.329987,1139.930054,224.899994,33.150002,165.199997,11926.400391,23469.300781,83.199997,300.149994,912.049988,167.050003,135.050003
2014-06-18,7580.200195,313.053009,414.5,616.25,213.667007,439.549988,2414.600098,4928.799805,529.924988,266.320007,1154.530029,222.899994,35.950001,166.867004,11997,23798.099609,93.300003,314.950012,884.650024,167.300003,141.899994
2014-06-25,7634.700195,308.049011,411.649994,628.849976,216.800003,442.174988,2583.800049,4933.850098,504,268.019989,1195.380005,223.75,36.75,168.300003,13440.5,23649.800781,87.175003,324.5,962.450012,174.800003,163.199997
2014-07-02,7623.200195,312.686005,414.625,627.349976,223.867004,436.125,2589.649902,4983.200195,497.524994,257.519989,1224.719971,218.25,35.150002,161.932999,13390.700195,22957.800781,91.125,328.549988,906.25,158.699997,157.449997
2014-07-09,7526.649902,307.177002,413.399994,618.900024,228.233002,435.774994,2518.449951,4946.5,486.100006,251.759995,1199.650024,219.899994,32.5,156.432999,12994.799805,21906.800781,87.699997,331.399994,893.400024,153.75,165.699997
2014-07-16,7767.850098,325.173004,419.924988,633.599976,235.266998,474.600006,2513.399902,5203,515.474976,252.419998,1266.199951,223.100006,33.200001,156.033005,13392.900391,22992.099609,90.025002,353.899994,916.549988,158.699997,167.949997
2014-07-23,7748.700195,324.989014,414.774994,686.799988,238.132996,470.600006,2505.5,5186.600098,502.799988,248.964996,1294.650024,206.050003,32.849998,153.233002,13202,23594.400391,91.800003,364.200012,898.349976,155.199997,146.600006
2014-07-30,7746.549805,344.087006,410.100006,704.849976,237.332993,468.975006,2665.850098,5209.5,491.924988,247.389999,1261.849976,212.75,35.299999,152.100006,13923.099609,23788.400391,86.375,367.100006,890.200012,154.899994,164.399994
2014-08-06,7727.049805,339.679993,403.600006,700.900024,231.367004,482.350006,2664.25,5334.100098,492.200012,242.914993,1235.880005,208.899994,35.049999,149.466995,13561.799805,23399.800781,87.025002,369.5,867.849976,154.449997,184.699997
2014-08-13,7897.5,346.290985,411.924988,719.549988,232.399994,490.325012,2749.300049,5764.450195,504.649994,244.225006,1219.25,216.5,37.799999,151.699997,13901.700195,24315.599609,88.324997,368.450012,854.950012,156.5,180.850006
2014-08-20,7904.75,339.359009,421.25,727.349976,234.966995,527.049988,2772.399902,5868.200195,496.674988,249.600006,1266.900024,208.949997,36.049999,155.332993,14738,24047.300781,91.875,412.799988,803.099976,152.949997,185.350006
2014-08-27,8083.049805,359.55899,429.600006,732.700012,236.466995,529.125,2915.050049,6094.049805,511.899994,252.199997,1268.949951,215.75,38.200001,160.199997,15000.599609,25607.199219,98.025002,401.850006,825.25,155.399994,201.350006
2014-09-03,8152.950195,372.872009,432.799988,751.900024,238.800003,536.650024,2910,6410,516.5,256.734985,1315.619995,219,40.799999,147.466995,14942.799805,29907.599609,93.925003,395,911.099976,165.199997,223.600006
2014-09-10,7932.899902,378.565002,425.5,756,235.432999,513.724976,2950.350098,6146.100098,489.700012,256.309998,1275.430054,206.899994,39.25,143.932999,14822.700195,30292,96.300003,387.350006,859.799988,159.449997,210.800003
2014-09-17,8017.549805,373.23999,424.424988,742.049988,247.199997,520.575012,3061.800049,5911.149902,482.924988,255.619995,1344.099976,213.800003,38.900002,144.300003,14962.099609,30977.199219,98.199997,395.700012,882.150024,164.449997,218.699997
2014-09-24,7964.799805,372.04599,436.325012,746,246.800003,506.549988,3062.850098,5968.649902,472.850006,244.570007,1368.300049,213.699997,41.150002,133.632996,15014.799805,32681.900391,94,397.100006,827.150024,159.350006,227.949997
2014-10-01,7852.399902,370.393005,431.225006,735.799988,241.832993,502.899994,2938.649902,5957.649902,463.075012,236.639999,1365.680054,209.5,42.599998,131.632996,14706.200195,31853.300781,90.699997,395.350006,806.900024,158.800003,224.100006
2014-10-08,7864,365.802002,434.174988,731.25,231.332993,506.575012,2962.100098,5946.049805,480.625,252.354996,1349.599976,208.149994,44.599998,150.667007,14597.5,31217.400391,89.974998,384.899994,812.5,156.399994,225.100006
2014-10-15,7927.75,377.049988,447.774994,749.75,234.233002,506.875,3075.699951,5969.850098,464.674988,258.415009,1216.699951,213.600006,44.200001,158.966995,14624.200195,30634.199219,96.875,399.5,832.299988,155.550003,260.5
2014-10-22,8027.600098,374.341003,447.649994,717.049988,233.432999,541.400024,3151.350098,5948.049805,467.024994,265.674988,1239.300049,224.949997,45.549999,170.199997,15035.700195,31067.199219,97.925003,407.700012,861.150024,156.350006,252.600006
2014-10-29,8324.150391,363.368988,455.350006,739.849976,236.966995,555.224976,3286.850098,6362.649902,501.174988,272.345001,1295.180054,227.850006,46.549999,168.899994,15516.5,31828.199219,99.949997,411.049988,876.25,163.75,261.950012
2014-11-05,8362.650391,353.498993,453.950012,772.299988,242.733002,553.724976,3329,6465.649902,488.850006,274.035004,1290.349976,225.350006,49.700001,163.533005,15556.599609,32634.599609,99.574997,407.899994,872.450012,158.25,248.350006
2014-11-12,8425.900391,366.812012,466.100006,751.849976,246.832993,542.525024,3364.600098,6159.549805,494.325012,294.575012,1292.930054,226.600006,53.799999,169.466995,17732.199219,32618,98.150002,430,933.799988,159.399994,242.100006
2014-11-19,8463.099609,370.576996,476.774994,765.700012,236.932999,580.275024,3288.850098,6338.549805,496.5,304.450012,1318,228.399994,49.150002,177,17759.900391,31714.199219,96.675003,439.549988,916.950012,154.199997,221.75
2014-11-26,8524.700195,352.902008,471.649994,805.799988,243.867004,607.700012,3356.850098,6200.149902,481.325012,318.700012,1328.650024,228.5,54.75,180.966995,18600.800781,34281.398438,100,480.850006,898.849976,163.350006,232.350006
2014-12-03,8340.700195,325.173004,463.375,812.950012,262.899994,615.974976,3336.550049,6305.450195,469.924988,306.549988,1257.430054,225.850006,50.049999,172.867004,20022.599609,37073.199219,95.025002,484.700012,887.099976,154.850006,243.649994
2014-12-10,8067.600098,321.40799,462.875,766.650024,253.733002,641.75,3309.850098,6036.549805,432.299988,295.600006,1221.530029,218.899994,45.900002,165.199997,18974.199219,37210.898438,93.199997,467.399994,837,144.25,247.399994
2014-12-17,8267,326.136993,479.875,766.099976,249.766998,622.25,3398.699951,6201.549805,446.875,307.200012,1258.349976,227.449997,49.599998,174.399994,18538.199219,36935.601563,104,505.549988,844.049988,148.300003,246.050003
2014-12-24,8248.25,321.132996,478.225006,759.5,245.533005,623.325012,3347.25,6247.600098,440.075012,309.75,1265.030029,229.949997,51.450001,172.233002,19664.300781,37923.800781,104.324997,532.049988,896.599976,149.050003,268
2014-12-31,8127.350098,325.173004,471.125,774.700012,240.167007,625.674988,3395.25,6246.799805,418.049988,299.899994,1223.300049,222.149994,56.549999,173.966995,19188.699219,37460,102.724998,526.599976,895.700012,148.149994,268.049988
2015-01-07,8299.400391,317.964996,481.674988,884.549988,240.067001,696.474976,3468.25,6714.649902,421.575012,305.100006,1248.949951,230.100006,59.799999,171.667007,20403.599609,38170.101563,103.625,538.549988,919.400024,155.25,308.950012
2015-01-14,8695.599609,325.862,510.475006,895.450012,247.399994,697.849976,3605.550049,7074.5,451.524994,318.149994,1250.219971,247.199997,61.099998,187.5,21530.699219,39513.199219,97.875,578.700012,952.950012,156.350006,308.950012
2015-01-21,8910.5,361.946014,537.025024,941.950012,240.100006,694.174988,3687.899902,7350.049805,444.524994,330.049988,1251.030029,250.199997,66.099998,187.932999,23054.900391,39944.601563,95.199997,575.650024,1064.25,159.399994,308.399994
2015-01-28,8756.549805,341.148987,532.049988,910.849976,244.033005,653.150024,3607.850098,7078.5,468.799988,300.299988,1279.119995,245.050003,64.900002,198.067001,24530.300781,40623.398438,90.775002,540.849976,1110.400024,160.449997,285.25
2015-02-04,8565.549805,327.009003,527.224976,887.75,246.600006,642.875,3393.850098,6794.149902,441,287.299988,1220.569946,249.600006,60.849998,174.332993,23014.800781,36648.898438,91.800003,551.450012,1146.75,151.550003,295.399994
2015-02-11,8809.349609,331.783997,533.775024,907,259.733002,646.224976,3572.100098,7147.350098,451.399994,306.700012,1292.400024,266.200012,66.199997,173.033005,25604.099609,40994.601563,91.449997,579,1233.900024,155.149994,302.450012
2015-02-18,8762.099609,314.062988,533.825012,913.700012,263.799988,675.150024,3588.300049,7009.75,420.725006,296.25,1352.380005,257.299988,66.75,185.167007,26514.099609,40874.699219,88.400002,563.25,1269.849976,155.550003,269.549988
2015-02-25,8996.25,320.674011,541.674988,929.700012,227.699997,704.349976,3708.649902,7096.25,450.399994,302.600006,1388,281,73.949997,183.167007,26256,41975.199219,91.050003,599.549988,1428.150024,163.550003,293.200012
2015-03-04,8712.049805,337.843994,526.275024,957.150024,225.699997,673.900024,3646.75,7397.149902,429.575012,287.600006,1321.349976,259.5,74.5,172.733002,26555.199219,41262.199219,89.75,576.049988,1368.5,157.25,295
2015-03-11,8723.299805,354.921997,529.025024,931.799988,226.667007,669.825012,3661.550049,7389.25,428.424988,283.100006,1291.849976,258.700012,71.949997,176.533005,26602.5,40459.699219,88.875,622.299988,1408.300049,156.699997,283.25
2015-03-18,8542.950195,361.625,518.974976,887.200012,217.699997,670.375,3587.300049,7021.649902,423.975006,270.549988,1295.650024,253.350006,67.400002,160,26337.199219,37714,88.199997,604.299988,1338.699951,147.949997,259.899994
2015-03-25,8491,361.119995,511.350006,873.549988,217.233002,656.625,3697.350098,6947.350098,413,267.049988,1276.969971,255.300003,73.300003,156.899994,25421.300781,38750.601563,85.775002,599.849976,1396.75,148.800003,263.850006
2015-04-01,8660.299805,371.632996,516.375,913.450012,227.067001,693.424988,3599.899902,7157.450195,416.424988,272.049988,1292.5,260.100006,73.349998,155.667007,25291.699219,40612.199219,90.375,583.099976,1449.050049,151.100006,255.399994
2015-04-08,8834,390.868988,519.400024,949.150024,234.332993,722.799988,3665.199951,7098.549805,461.25,286.299988,1327.75,257.600006,75.900002,161.766998,26440.599609,41856.101563,93.324997,591.549988,1441.349976,161.5,254.850006
2015-04-15,8377.75,365.709991,501.5,873.099976,227.966995,676.5,3490.149902,6887.850098,438.225006,289.200012,1213.530029,240,70.349998,151.332993,24284.099609,39068.398438,88.375,577.549988,1291.5,150.199997,238.149994
2015-04-22,8285.599609,367.959991,502.274994,860.599976,225.033005,671.025024,3822.600098,6836.850098,432.600006,272.5,1247.5,230.550003,68.449997,155.300003,21722.5,37315.101563,85.025002,560.25,1293.599976,141.949997,228
2015-04-29,8324.799805,355.381012,493.825012,879.049988,217.5,711.625,3793.050049,6807.399902,446.075012,272.049988,1258.930054,239.199997,70.550003,163.432999,22522,37881.800781,87.949997,583.400024,1345.599976,144.550003,240.350006
2015-05-06,8126.950195,359.513,485.975006,843.950012,216.167007,659.424988,3577.449951,6704.450195,434.350006,267.399994,1261.449951,228.850006,71.949997,148.399994,21487.599609,35402.601563,86.449997,589.349976,1276.050049,142.850006,222.600006
2015-05-13,8365.650391,365.434998,503.774994,844.75,221.699997,688.650024,3706.75,7028.700195,447.774994,288.450012,1256.349976,239,70.5,156.766998,23184.800781,36219.699219,92.400002,597.25,1362.550049,147.550003,222.050003
2015-05-20,8339.349609,367.776001,513.700012,855.349976,209.332993,691.200012,3726.449951,6805.350098,442.299988,277.149994,1304.430054,226.800003,69.300003,160.966995,23135.800781,35559.101563,91.175003,548.849976,1353,148.800003,235.050003
2015-05-27,8236.450195,383.890015,504.399994,852.75,212.432999,679.650024,3831.399902,6803.25,449.325012,266.25,1299.949951,231.300003,69.199997,167.399994,22744.099609,34613.300781,91.150002,546.950012,1335.550049,140.800003,224.550003
2015-06-03,8022.399902,374.571014,500.924988,819.75,200.399994,665.474976,3692.300049,5964.350098,441.850006,257.600006,1280.819946,225.75,66.300003,160.899994,20791.800781,32765.300781,87,536.700012,1316.150024,137.550003,218.75
2015-06-10,8047.299805,380.401001,504.200012,834.950012,199.300003,644.575012,3789.600098,5784.649902,451.975006,254.600006,1256,219.550003,64.949997,163.733002,20306.300781,32401.199219,87.625,525.849976,1316.300049,128.699997,228.100006
2015-06-17,8381.549805,395.09201,526.049988,875.700012,209.699997,690.224976,4017.149902,6127.850098,497.5,267.75,1287.300049,230.649994,71.550003,162.533005,22062.900391,34227.398438,92.875,550.049988,1391.699951,133.850006,242.949997
2015-06-24,8368.5,385.681,533.575012,916.700012,210.100006,692.900024,4023.350098,6352.200195,500.049988,262.75,1275.469971,229.899994,72.550003,165.266998,21852.300781,34230.898438,93.5,550.400024,1348.849976,132.199997,244.100006
2015-07-01,8510.799805,396.515015,543.424988,924.349976,211.567001,712.799988,3972.149902,6084.850098,501.625,272.899994,1308.119995,245.800003,72.949997,172.667007,22927.5,35102.199219,95.849998,565.950012,1450.099976,138.199997,270.25
2015-07-08,8454.099609,387.747009,545.924988,927.299988,208.199997,710.700012,4050.649902,5953.100098,498.899994,268.200012,1249.75,252.350006,74.25,182.100006,23544.199219,35486.101563,97.074997,549.400024,1472.75,137.050003,266.5
2015-07-15,8529.450195,408.819,549.025024,891.299988,208.932999,720.650024,4152.850098,6068.5,503.899994,264.299988,1280.699951,242.100006,79.300003,189.100006,23528,36154.898438,95.574997,545.200012,1453.349976,137.5,258.399994
2015-07-22,8337,376.453003,554.25,904.75,207.466995,729.400024,4196.950195,6192.450195,505.125,259.200012,1251.030029,230.199997,83.300003,185.932999,23002.400391,39286.101563,93.675003,542.25,1380.800049,137.449997,232.350006
2015-07-29,8516.900391,379.437012,543.224976,908.099976,219.932999,690.849976,4438.799805,6350.649902,494,288.600006,1254.449951,229.100006,88,187.867004,25965.400391,45699.898438,95.175003,591.75,1476.099976,143.300003,233.300003
2015-08-05,8462.349609,371.725006,547.349976,888.200012,213.399994,704.700012,4504.299805,6317.350098,483,268.799988,1302.099976,222.600006,86.75,178.033005,26580.300781,42540.898438,94.5,588.599976,1469.349976,137.699997,223.25
2015-08-12,8466.549805,354.003998,543.174988,872.849976,209.899994,705.099976,4634,6164.700195,472.049988,284.799988,1370.449951,227.100006,97.300003,174.332993,25393.300781,44138.101563,93.400002,580.650024,1437.599976,134.149994,230.850006
2015-08-19,7880.700195,319.846985,509.225006,865.950012,213.266998,639.450012,4199,6163.399902,424.075012,253.350006,1283.569946,207.600006,86.5,154,22899.800781,39882.800781,89.099998,540.849976,1242.199951,117.550003,223.75
2015-08-26,7785.850098,317.139008,500.049988,853.75,210.300003,613.75,4061.449951,6003.600098,419.924988,239.100006,1268.699951,207.600006,87.449997,145.167007,22763.199219,39684.5,87.800003,553.450012,1241.550049,115.199997,216.850006
2015-09-02,7688.25,319.296997,502.024994,801.099976,208.600006,620.400024,4139.299805,5902.200195,424.299988,228.350006,1270.150024,208.550003,82,141.399994,21648.800781,39328.601563,88.900002,550.700012,1186.099976,120.949997,220.699997
2015-09-09,7829.100098,322.281006,506.575012,804.599976,211.367004,640,4325,6022,433.5,232.899994,1268.619995,204.399994,87.050003,141.466995,22110,40240,86.875,568.849976,1282,125.400002,232.300003
2015-09-16,7812,315.670013,515.325012,785.900024,208.100006,642.700012,4473.049805,6148.450195,423.950012,237.949997,1263.400024,207.850006,88.800003,134.466995,20908.599609,41442.601563,88.099998,552.549988,1292.849976,123.900002,230.800003
2015-09-23,7843.299805,296.25,532.400024,784.349976,213.600006,651.5,4682.299805,6179.600098,420.375,241.899994,1294.119995,203,90.699997,131.466995,19558.5,41574.101563,88.775002,556.299988,1284.300049,126.599998,229.5
2015-09-30,8152.899902,320.307007,542.974976,829.299988,228.567001,655.75,4354,6495.25,449.024994,240.100006,1350,209.800003,94.349998,131.832993,20708.5,42549.601563,90.949997,579.650024,1369.650024,130.550003,230.25
2015-10-07,8131.700195,317.184998,538.174988,812.900024,229.367004,656.049988,4273.850098,6151.950195,446.799988,243.800003,1299.280029,209.949997,94.050003,138.966995,21226.400391,41180.5,91.550003,575.700012,1362.25,132.300003,243
2015-10-14,8261.650391,332.243011,547.450012,787.099976,232.432999,654.049988,4508.75,6536.5,478.350006,254.850006,1263.380005,209.949997,96.25,141.699997,21562.599609,42172.898438,96.074997,578.25,1356.650024,139.399994,245.949997
2015-10-21,8232.900391,323.79599,555.450012,812.150024,237.332993,660.450012,4497,6354.5,469.774994,248.800003,1265.550049,205.399994,92.900002,142.932999,21624.300781,41578.398438,97.324997,570.150024,1385.449951,135.800003,276.850006
2015-10-28,8060.700195,319.204987,542.450012,804.450012,223.233002,683.099976,4482.549805,6217.75,483.600006,235.949997,1271.719971,209.699997,90.300003,134.033005,20700.099609,39731.601563,100.699997,569.650024,1338,131.75,287.899994
2015-11-04,7783.350098,304.514008,527.299988,803.549988,224.5,646.849976,4712.700195,6072.299805,461.375,241.199997,1229.069946,196.699997,89.5,118.932999,19102.699219,38102.898438,103.074997,530.900024,1231.550049,125.699997,296.600006
2015-11-11,7837.549805,307.131012,530.400024,798.299988,232.733002,677.150024,4632.25,6084.600098,463.875,247.850006,1195.280029,199,91.949997,119.199997,19398.900391,39530.101563,104.175003,536.349976,1219.949951,132.5,294
2015-11-18,7831.600098,313.604004,532.174988,811.950012,223.932999,677.599976,4639.899902,6056.350098,483.850006,241.399994,1183.969971,202.600006,94.800003,115.900002,18435.800781,38953.601563,116.699997,542.900024,1211.550049,134.350006,290.350006
2015-11-25,7954.899902,296.34201,541.5,833.400024,230.832993,688.599976,4556.200195,5879.149902,482.950012,250.199997,1180.949951,200.800003,93.400002,116.967003,18692.099609,39237.398438,119.199997,553.599976,1227.150024,136.25,304.149994
2015-12-02,7701.700195,291.842987,524.625,825.75,209.832993,674,4542.549805,5825.350098,470.450012,235.949997,1164.5,194.649994,89.599998,109.800003,18509.300781,39215.101563,120.375,546.650024,1169.5,135,275.149994
2015-12-09,7700.899902,283.901001,529.724976,858.599976,215.300003,686.599976,4620,5838.600098,487.950012,226.399994,1187.930054,193.350006,87.300003,110.733002,18840.400391,38790.601563,119.550003,538.099976,1161.75,133.850006,285.049988
2015-12-16,7786.100098,296.755005,533.224976,851.450012,213.5,698.200012,4617.200195,5730,493.649994,228.350006,1202.530029,200,88.400002,110.633003,18036,39175.300781,120.5,541.650024,1178.949951,141.199997,288.049988
2015-12-23,7928.950195,307.819,538.974976,857.900024,216.567001,706.200012,4636.899902,5839.200195,507.700012,228.199997,1227.900024,205.550003,89.75,112.366997,18549.800781,39784.898438,124.074997,549.400024,1192.050049,141.899994,293.149994
2015-12-30,7784.649902,296.984985,531.200012,847.950012,216.567001,707.75,4566.950195,5662.399902,502.575012,217.75,1174.469971,204,93.099998,110.866997,18632.699219,40593.199219,129.899994,567.599976,1195.800049,148.350006,287.149994
2016-01-06,7510.299805,289.592987,523.474976,819.700012,210.100006,692,4269,5439.850098,522.724976,199.399994,1163.530029,195.199997,92.099998,100.432999,18131.800781,38875.898438,128.574997,546.049988,1125.599976,139.5,290.149994
2016-01-13,7435.100098,284.911011,517.900024,810.450012,209.367004,668.700012,4198.149902,5428.799805,521.799988,182.949997,1139.650024,191.350006,86.800003,96.199997,18010.900391,36362,124.074997,539.75,1035.150024,126.400002,282.700012
2016-01-20,7436.149902,273.15799,520.575012,783.299988,206.266998,681,4081.350098,5461.350098,501.975006,182.949997,1152.319946,196.949997,86.75,96.833298,17485.800781,36125.101563,125.550003,544.049988,1008.099976,124.300003,287.799988
2016-01-27,7455.549805,277.473999,526.900024,800.099976,216.167007,677.150024,3874.949951,5457.350098,500.575012,169.399994,1199.050049,196.600006,90.5,89.866699,17012.800781,34618.800781,127.275002,570.25,1031.75,124.25,293.350006
2016-02-03,7298.200195,286.700989,513.025024,826.349976,208.266998,677.049988,3657.100098,5419.25,478.75,167.050003,1140.699951,197.649994,88.25,87.599998,16354.299805,33656.101563,126.650002,576.400024,1021.25,120.75,285.899994
2016-02-10,7048.25,289.502014,486.725006,803.200012,197,620.25,3705.199951,5049.799805,465.274994,156.399994,1132.780029,194,87.25,68.833298,16208.099609,33227.601563,123.949997,579.5,994.450012,102.650002,276.25
2016-02-17,7109.549805,295.010986,485.024994,836.849976,195.867004,623,3487.399902,5192.25,474.825012,158.5,1132,193.600006,89.199997,65.633301,16848.099609,33589,121,612.200012,1016.950012,106.650002,280.399994
2016-02-24,7222.299805,294.459991,492.075012,824.150024,216.899994,638.450012,3494.399902,5052.25,490.649994,162.050003,1138.319946,190.399994,91.050003,61.866699,17024.900391,33854.898438,123.699997,585,1025.550049,108.900002,283.799988
2016-03-02,7485.299805,304.376007,507.075012,826.25,213.5,650.549988,3462.649902,5320.799805,513.5,183.350006,1177.150024,201.649994,91.949997,70.666702,17441.199219,34455.898438,123.074997,594.900024,1046.699951,115.650002,282.950012
2016-03-09,7460.600098,314.842987,513.349976,840.799988,211,639.5,3654.550049,5053.75,510.25,185.300003,1164.949951,204.899994,95.949997,70.766701,18128.599609,34356.398438,124.150002,598.25,1021.799988,115.449997,285.799988
2016-03-16,7714.899902,322.188995,526.924988,870.150024,215.432999,666.299988,3699.550049,5260.350098,523.924988,197.5,1236.550049,229.850006,103.5,77.800003,20172.599609,34810.101563,128.199997,594,1072.550049,121.400002,317.25
2016-03-23,7597,325.493988,526.900024,861.150024,213.332993,671.5,3729.949951,5335.899902,518.125,189.5,1234.699951,230.899994,106.650002,73.966698,20587.199219,36915.5,121.974998,595.349976,1071.699951,119.300003,315.700012
2016-03-30,7603.200195,303.458008,528.724976,868.5,217.632996,668.75,3554.850098,5738.950195,513.474976,184.350006,1231.380005,226.100006,108.75,75.233299,19814.099609,35742.101563,121.974998,590,1104.699951,118.25,314.25
2016-04-06,7708.950195,321.45401,531.5,872.5,214.932999,677.349976,3573.699951,6147.799805,523.700012,187.800003,1259.069946,223.75,111.349998,84.866699,19972.5,36269.800781,129.25,604.450012,1168.599976,118.349998,318.799988
2016-04-13,7914.700195,329.993011,543.900024,899.150024,223.600006,683.349976,3718.949951,6134.600098,532.375,186.75,1259.880005,228.600006,109.300003,88.133301,20060.699219,36740,136.324997,625.75,1178.449951,120,333.950012
2016-04-20,7962.649902,330.911011,556.924988,885.75,218.266998,700.849976,3871.550049,5830.649902,508.475006,200.949997,1244.900024,224.449997,106.800003,86.099998,20361.099609,35721.101563,131.274994,605.849976,1174.900024,121.800003,330.200012
2016-04-27,7747,338.210999,559,851,210.699997,707.450012,3819.949951,5591.600098,487.899994,184.050003,1239.050049,218.600006,105.050003,82.966698,19436.300781,33434.898438,136.149994,597.299988,1151.949951,119.449997,287.450012
2016-05-04,7887.799805,338.670013,572.450012,862.450012,215.667007,722.849976,3844.800049,5520.399902,491.274994,189.5,1261.449951,220.399994,105.25,85.766701,19696.800781,33333.398438,138.25,596.700012,1170.300049,118.199997,299.100006
2016-05-11,7890.75,322.463989,576.724976,834.049988,220.332993,708.900024,3950.699951,6219.600098,484.575012,176.850006,1285.099976,216.899994,102.900002,80.666702,21603.300781,32810.199219,139.550003,606.849976,1160.349976,120.349998,294.149994
2016-05-18,7748.850098,316.908997,569.974976,823.099976,232.033005,698.400024,3924.199951,6003.899902,470.225006,169.5,1233.849976,215.449997,101.599998,78.466698,21221.699219,31164.400391,127.099998,657.349976,1126.449951,121.75,294.350006
2016-05-25,8160.100098,322.64801,590.950012,848.200012,234.033005,746.549988,4161.600098,6097.350098,478.924988,204.949997,1284.699951,228.399994,108.949997,80.333298,22347.599609,33774.398438,136.774994,706.25,1204.199951,117.75,284.649994
2016-06-01,8266.450195,320.582001,586.849976,897.049988,241.832993,772.049988,4135.649902,6450.25,477.524994,210.149994,1315.569946,234.25,106.199997,79.533302,22358.199219,33013.5,136.475006,710.299988,1206.5,119.349998,293.850006
2016-06-08,8108.850098,314.614014,575.924988,865.700012,235.533005,752.099976,4104.5,6589.049805,488.125,207.699997,1267.430054,233.899994,105,80.933296,21821.099609,31923.199219,139.949997,692.549988,1247.25,126.5,290.25
2016-06-15,8219.900391,332.563995,583.325012,870.25,239,746.75,4157.399902,6537.399902,493.549988,214,1325.599976,240.199997,102.300003,81.233299,21981.199219,31844.900391,141.725006,692.25,1265.550049,125.449997,296.25
2016-06-22,8127.850098,327.881989,583.474976,887.75,245.667007,743.299988,4078.699951,6493.799805,478.899994,215.899994,1231.969971,251.899994,98.949997,79.300003,21523.400391,32941.898438,142.149994,707.450012,1293.400024,127.849998,296.5
2016-06-29,8335.950195,335.960999,582.799988,890.200012,243.550003,740.400024,4173.350098,6532.899902,496.549988,223.5,1242.650024,253.550003,92.300003,92.933296,22538.599609,34746.199219,147.975006,713.900024,1284.949951,133.899994,306.399994
2016-07-06,8521.049805,333.574005,601.075012,925.299988,248.399994,763.650024,4370.399902,6427.25,501.700012,226.699997,1232.469971,260.799988,93.599998,92.199997,23454.900391,35238.199219,147.649994,721.650024,1302.449951,132.899994,304.850006
2016-07-13,8528.549805,334.492004,609.174988,895.150024,249.050003,777.799988,4485.700195,6642.700195,508.899994,229.600006,1233.099976,262.700012,93.449997,93.199997,24390.300781,34829.5,142.600006,724.099976,1306.25,130.050003,300.649994
2016-07-20,8590.650391,339.588013,619.400024,902.700012,251.75,751.700012,4471.299805,7164.149902,512.025024,226.699997,1276.300049,269.799988,94.400002,98.199997,24060.599609,33862.5,148.550003,725.75,1328.150024,131.149994,291.25
2016-07-27,8622.900391,328.523987,621.650024,927.400024,260.799988,760.099976,4986.049805,6833.5,506.399994,228.050003,1349.599976,263.850006,88.150002,92.433296,24453.400391,33922.398438,155.175003,739.700012,1280.599976,138.399994,299.899994
2016-08-03,8678.25,320.856995,623.599976,934.25,247.649994,764.75,4960.850098,6892.299805,515.349976,235.149994,1325.099976,270.5,89.5,93.133301,25379.199219,36902.398438,154.875,723.349976,1324.949951,143.25,299.149994
2016-08-10,8642.549805,314.429993,613.650024,926.200012,255.100006,772.799988,4864.200195,6749.25,512.450012,246.75,1345.849976,269.649994,86.650002,91.400002,24002.900391,36126.300781,160.125,710.650024,1295.25,138.050003,299.399994
2016-08-17,8632.599609,324.806,625.724976,921.700012,251.399994,778.349976,4833.799805,6810.899902,505.225006,254.75,1300.530029,271,87.849998,91.266701,23598.400391,35744.199219,167.324997,703.150024,1285.550049,139.600006,306.149994
2016-08-24,8744.349609,304.696991,634.325012,924.799988,257.299988,786.150024,5067.649902,6687.549805,533.200012,252.25,1272.069946,275.049988,88.400002,93.699997,24734.199219,37591.398438,171.600006,697.799988,1276.75,140.199997,326.049988
2016-08-31,8943,295.194,650.200012,937.849976,262.600006,818.049988,5319.700195,6565.149902,509.950012,260.100006,1242.030029,277.399994,85.75,92.099998,24460.199219,39535.800781,178.225006,718.549988,1271.849976,141.75,332.899994
2016-09-07,8715.599609,292.027008,639.950012,918.450012,252.25,813.299988,5329,6431.200195,523.25,252.75,1179.530029,259.850006,83.449997,98.333298,23481.5,39100.199219,164.925003,702.75,1244,135.300003,321.600006
2016-09-14,8775.900391,293.083008,644.224976,902.900024,256.950012,792.75,5514.850098,6339.950195,537.099976,254.449997,1203.25,267.200012,84.050003,97.166702,23255.5,43620.5,167.399994,711.400024,1247.400024,138,332.549988
2016-09-21,8706.400391,289.042999,649.025024,897.299988,245.850006,784.450012,5511.399902,6488.25,555.25,249,1218.050049,258.149994,81.449997,94.099998,22747.800781,46562.398438,173.149994,696.049988,1280.900024,144.550003,347.850006
2016-09-28,8769.150391,297.48999,644.775024,860.400024,241.199997,791.700012,5680,6680.950195,548.174988,259.75,1202.569946,256.149994,81.349998,92,22838.300781,51226.898438,183.675003,739.400024,1257.099976,141.800003,377.450012
2016-10-05,8708.799805,290.053009,642.174988,876.150024,240.100006,780.200012,5712.350098,6632.600098,548.174988,256.600006,1190.150024,257,80.75,89.966698,23101.599609,53034,184.550003,729.849976,1239.25,151.649994,388.549988
2016-10-12,8677.900391,281.55899,628.924988,855.599976,245.949997,776.950012,5626.700195,6873.899902,540.549988,256.899994,1200.099976,251.100006,83.849998,90.800003,22485.699219,51627.601563,200.149994,720.900024,1229.849976,151.899994,395.049988
2016-10-19,8691.299805,286.287994,625.150024,832.349976,238.75,786.549988,5781.450195,6793.950195,530.424988,261.450012,1199.219971,248.350006,87.650002,93.400002,22622.599609,50100.101563,190.850006,713.200012,1212.300049,150,407.700012
2016-10-26,8626.25,291.476013,629.900024,835.25,239.949997,805.549988,5878.100098,6794.350098,525.5,258.950012,1175,244.5,90.099998,94.366699,22314.199219,50095.398438,191.399994,711.400024,1164.599976,138.600006,403.75
2016-11-02,8543.549805,279.953003,627.150024,844.599976,255.600006,811.799988,5669,6451.700195,501.75,252.649994,1141.599976,244.649994,91.75,95.466698,21580.900391,52046.699219,180.850006,691.400024,1123.800049,127.449997,390.950012
2016-11-09,8108.450195,277.886993,627.375,805.450012,237.5,789.549988,4846.600098,5957.649902,492.700012,278.200012,1060.650024,208.550003,82.650002,89.166702,19511.199219,50108.300781,180.300003,617.099976,1103.550049,117,347.5
2016-11-16,8002.299805,279.079987,599.025024,819.900024,226.100006,769.599976,4934.549805,5893.950195,500.725006,257.350006,1067.5,195.449997,75.599998,82.933296,18523.800781,46947.199219,188.800003,613.950012,1074.449951,117.300003,349.450012
2016-11-23,8142.149902,298.269989,589.375,832.700012,231.050003,745.400024,5088.149902,6289,498.850006,252.699997,1129.930054,205.050003,79.900002,86.133301,20171.099609,49118.898438,185.024994,629.349976,1086.300049,121.949997,358.700012
2016-11-30,8143.149902,301.942993,597.224976,836,230.199997,734,5135.200195,6265.899902,502.600006,259.100006,1091.180054,210.600006,78.050003,85.400002,20465.599609,50304.699219,191.524994,636.450012,1125.5,123.400002,354.950012
2016-12-07,8221.799805,302.998993,593.125,831.150024,235.649994,730.950012,5163.149902,6329.549805,519.900024,266.149994,1100.150024,206.399994,77.900002,83.633301,20916.599609,52424.199219,187.899994,610.950012,1133.349976,123.349998,382.200012
2016-12-14,8082.399902,277.795013,590.950012,801.400024,229.949997,718.349976,5108,5917.950195,528.950012,254.550003,1169.650024,205.350006,76.900002,80.599998,19235.699219,49825.300781,186.475006,599.099976,1090.550049,121.25,370.549988
2016-12-21,8032.850098,275.085999,592.599976,806.75,234.050003,712.150024,5224,5877.549805,532.349976,248.75,1161.699951,202.899994,78.050003,79.5,19958.800781,48692.898438,178.949997,583.599976,1061.800049,120.550003,351.649994
2016-12-28,8192.25,279.539001,594.950012,829.849976,243.350006,711.75,5508.399902,6027.399902,544.700012,244.899994,1184.119995,215.199997,81.050003,83.199997,20798.599609,50391.398438,190.375,606.400024,1108.5,124.449997,377.399994
2017-01-04,8288.599609,293.908997,607.174988,830.549988,248.949997,712.650024,5674.850098,5905.75,544.924988,248.300003,1157.680054,209.399994,84.949997,85.5,21146.300781,53025.101563,181.050003,631.400024,1172.550049,124.449997,383.450012
2017-01-11,8398,292.440002,619.25,840.650024,251.949997,726,5669.399902,5895.799805,520.625,256,1139.380005,212.899994,85.949997,85.300003,21416.199219,53678.800781,180.050003,627.400024,1173.650024,127.599998,378.350006
2017-01-18,8475.799805,290.602997,633.775024,860.349976,259.850006,743.349976,5737.200195,5957.75,513.650024,254.899994,1159.180054,223.399994,88.699997,87.833298,21819.400391,52466.398438,185.800003,656.450012,1164.300049,128.449997,400.399994
2017-01-25,8561.299805,319.709991,643.325012,855.400024,258.100006,774.150024,5894.25,5851.850098,522.599976,260.350006,1114.900024,229.050003,90.75,91.366699,22130.800781,51659.5,186.975006,673.5,1146.599976,128.850006,386.200012
2017-02-01,8768.299805,324.255005,653.575012,855.25,277.100006,773.349976,6213.200195,6128.25,515.450012,277.899994,1122.300049,234.850006,94.050003,101.400002,22479.800781,50434.800781,189.725006,673.700012,1234.400024,141.649994,392.5
2017-02-08,8792.299805,338.761993,655.549988,848.150024,270.799988,790.299988,5939.850098,6193.100098,524.900024,270.200012,1203.119995,237.800003,92.349998,104.932999,22411.300781,50195.199219,192.375,671.349976,1214.050049,141.199997,410
2017-02-15,8907.849609,333.161011,707.775024,862.75,263.149994,797.900024,6063.149902,6376.5,544.099976,270.700012,1232.680054,238.949997,95.099998,103.067001,21732,50195.398438,200.225006,699.700012,1221.900024,141.600006,428.350006
2017-02-22,8879.599609,335.27301,695.049988,865.900024,262.200012,802.099976,5922.5,6254.25,619.025024,269.200012,1233.119995,229.350006,90.650002,108.300003,21583.199219,51835.101563,203.300003,682.150024,1207.349976,138.050003,428.700012
2017-03-01,8946.900391,331.553986,693.099976,872.049988,264.25,817,5888.5,6319.049805,652.474976,267.799988,1249.900024,224.800003,91.199997,106.766998,21364.5,52167.898438,197.449997,672.450012,1209.900024,142.75,425.149994
2017-03-08,9087,331.553986,705.349976,913.75,267.100006,836.150024,6132.399902,6119.399902,644.75,274.649994,1283.75,233.699997,90.800003,107.567001,22591.400391,52983.898438,192.524994,701.849976,1252.5,139.5,436.899994
2017-03-15,9121.5,321.270996,720.474976,903.450012,287.899994,859.549988,6076.299805,6335.200195,631.900024,272.350006,1243.349976,237.149994,88.75,112.633003,22902.900391,58045.101563,197.524994,700.150024,1247.550049,145.899994,438.600006
2017-03-22,9100.799805,312.868988,710.099976,903.099976,280.5,859.450012,5974.25,6501.5,622.875,282.100006,1214.969971,228.350006,86.449997,112.366997,22986.300781,58315.398438,202.274994,696.5,1246.5,150.550003,432.5
2017-03-29,9237.849609,313.833008,716.599976,920.650024,281.549988,875.950012,6072,6578.549805,687.325012,293.149994,1205.849976,237.550003,84.099998,111.300003,22635.800781,60993.601563,206.975006,702.950012,1302.050049,151.899994,436.100006
2017-04-05,9237,321.54599,719.75,923.700012,282.049988,881.049988,6247.799805,6559.25,686.174988,294.5,1209.650024,248.899994,82.400002,117.633003,22747.800781,62063.398438,210.925003,706.150024,1314.449951,153.399994,473.799988
2017-04-12,9105.150391,311.07901,723.650024,912.75,279.049988,881.650024,6137.149902,6337.799805,685.099976,290.299988,1154.400024,240.75,81.599998,113.167,22610.300781,62596.101563,215.524994,712.799988,1300.599976,148.149994,470.5
2017-04-19,9306.599609,324.989014,768.525024,924,281.299988,898,6337.200195,6323.100098,716.400024,286.049988,1155.75,246.399994,88.150002,118.599998,22592.099609,66566.203125,214.100006,727.150024,1340.099976,151.699997,489.350006
2017-04-26,9313.799805,319.158997,770.299988,928.099976,279.200012,917.900024,6705.5,6715.049805,685.275024,288.299988,1144.949951,241.800003,83.650002,117,23112.300781,68372.5,212.800003,720.150024,1336.449951,157.699997,495.5
2017-05-03,9316.849609,317.001007,767.875,952.049988,271.5,906.849976,6629.299805,6704.799805,665.174988,296.5,1176.280029,257.549988,82.900002,117.900002,23336.5,66683,214.449997,744.799988,1447.800049,154.050003,498.700012
2017-05-10,9512.25,343.720001,779.825012,1000.400024,283.450012,959.849976,6953.950195,6479.200195,678.150024,307.5,1214.569946,260.649994,86.650002,113.633003,24676,66093.398438,224.75,761.400024,1417.5,154.449997,532.650024
2017-05-17,9386.150391,341.471008,784.549988,1024.800049,300.149994,940.25,6878.850098,6584.5,652.775024,288.850006,1260.849976,239.800003,84.400002,103.932999,23141.599609,63976.101563,212.324997,735.599976,1359.400024,144.75,524.650024
2017-05-24,9624.549805,340.368988,814.525024,1072.599976,311.450012,961.950012,7147.5,6600.799805,679.674988,288.850006,1275.550049,242.449997,93.75,93.599998,23538.400391,65398.101563,218.800003,765.900024,1368.050049,145.550003,541.049988
2017-05-31,9637.150391,338.808014,819.474976,1091.550049,311.049988,966.400024,7112.100098,6677.200195,656.400024,287.299988,1348,235.050003,91.849998,92.466698,23704.5,68820.5,225.050003,799.400024,1350.099976,153,536.25
2017-06-07,9606.900391,333.481995,838.349976,1102.75,305.25,974.200012,7348.950195,6690.100098,657.174988,283.850006,1225.780029,231.25,95.25,93.5,24152.199219,72369.296875,216.125,814.099976,1327.800049,156.449997,555.599976
2017-06-14,9653.5,336.604004,843.275024,1093.050049,308.700012,983.049988,7207.25,6698.950195,706.174988,290.100006,1222.5,241.199997,93,91.866699,24714.400391,71656.203125,222.375,811.700012,1330.5,156.850006,548.150024
2017-06-21,9511.400391,341.057007,833.825012,1092.099976,312.350006,974.75,7183.350098,6599.950195,718.575012,279.649994,1171.430054,240.75,91.099998,89.599998,23247.5,68585.5,217.425003,806.799988,1309.25,147.350006,534.049988
2017-06-28,9613.299805,348.265015,826.674988,1088.099976,337.25,958.799988,7376.149902,6846.700195,710.974976,273,1183.430054,249.100006,99.349998,89.266701,23511.400391,70350.296875,213.899994,820.25,1345.949951,150.050003,551.450012
2017-07-05,9786.049805,363.093994,840.200012,1106.449951,330.399994,958.75,7457,6778.450195,747.174988,283.549988,1237.900024,255.149994,105.099998,93.166702,23857.800781,69120,218.050003,814.849976,1351.25,169.5,566.950012
2017-07-12,9827.150391,374.891998,841.775024,1157.849976,284.549988,977.099976,7549.350098,6852.5,759.950012,291,1204.180054,266.25,105.449997,95.5,24363.900391,69930.5,207.199997,814.75,1351.800049,173.75,571.400024
2017-07-19,9964.549805,392.796997,869.825012,1149.599976,291.399994,987.950012,7504.850098,6819.549805,801.075012,296.100006,1285.75,267.799988,104.949997,97.099998,24246.800781,70334.296875,205.899994,827.849976,1368.849976,171.149994,570.299988
2017-07-26,10114.650391,382.925995,898.599976,1173.949951,287.850006,1015.299988,7856.100098,6703,801.799988,309,1250.819946,260.799988,111.050003,96.400002,24666.5,69393.101563,211.649994,795.950012,1396.849976,167.5,596.400024
2017-08-02,9978.549805,383.61499,888.950012,1191,274.149994,987.700012,7755.899902,6681.549805,801.275024,303.649994,1251.530029,274.149994,112.099998,89.766701,24189.400391,66722.203125,211.350006,810.299988,1344.449951,166,595.299988
2017-08-09,9794.150391,375.122009,878.599976,1155.699951,271.25,982.599976,7608.450195,6652.450195,786.525024,278.200012,1234.699951,265.100006,104.75,84.300003,22138.099609,63770.601563,217.399994,812.799988,1289.150024,178.75,553.849976
2017-08-16,9765.549805,387.562988,873.5,1199.599976,282.899994,970.799988,7496.100098,6604.350098,780.025024,273.899994,1248.780029,273.149994,100.349998,83.766701,21898.599609,62555.699219,229.100006,819.450012,1262.5,189.850006,582.599976
2017-08-23,9796.049805,393.071991,873.075012,1190.449951,280.25,964.400024,7521.5,6956.200195,766.075012,277,1235.430054,275,105.050003,84.566704,21693.300781,62907.898438,222.949997,827.25,1273.099976,190.350006,594.549988
2017-08-30,9952.200195,373.23999,877.674988,1205.199951,282.850006,988.400024,7817.200195,7027.75,816.299988,276.549988,1242.180054,282.450012,113,87.533302,22236.199219,64573.398438,225.850006,842.150024,1287.550049,196.699997,612.75
2017-09-06,10093.049805,372.04599,917.599976,1249.800049,277.649994,1021.75,8154.5,7388.75,823.75,273.450012,1244.219971,288.799988,118.300003,87.933296,22110.300781,65270.800781,236.100006,850.549988,1346.449951,212.050003,641.849976
2017-09-13,10147.549805,362.497009,924.849976,1279.300049,267.850006,1034.349976,8131.700195,7254.799805,838.599976,267.799988,1249.119995,285.100006,118.150002,89.599998,21851.099609,64087.101563,237.149994,856.25,1408.25,216.199997,658.450012
2017-09-20,9871.5,355.656006,896.150024,1217.349976,262.450012,994,7889.899902,7054.700195,820.099976,258.25,1237.319946,261.299988,113.5,85.166702,21495.599609,62754.101563,232.050003,792.700012,1322.949951,204.649994,646.75
2017-09-27,9859.5,353.177002,904.424988,1186.349976,261.399994,1006.549988,7888.299805,7309.549805,798.349976,251.300003,1224.219971,268.350006,122.449997,83.099998,20397.800781,63404.398438,233,789.599976,1198.050049,206.449997,653.5
2017-10-04,10016.950195,353.131012,901.349976,1209.199951,266.200012,1055.650024,7893.700195,7288.25,843.200012,256.950012,1229.619995,277.649994,126.449997,86.75,21226.599609,64705.199219,245.699997,800.25,1239.849976,208.449997,686.299988
2017-10-11,10234.450195,427.825012,925.625,1282.150024,267.25,1078.599976,7838.899902,7373.950195,874.349976,251.149994,1297.280029,280.850006,128.449997,84.25,22095.199219,63777.101563,261.100006,805,1225.949951,210.300003,689.349976
2017-10-18,10207.700195,460.971008,933.549988,1270.050049,267,1065.699951,7875,7238.549805,934.25,254.449997,1289.199951,282.200012,128.600006,88.199997,21320.5,63064.398438,269.100006,800.5,1220.75,209.649994,694.299988
2017-10-25,10335.299805,456.518005,904.25,1237.449951,265.700012,1025.050049,8211.25,7239,940.849976,305.799988,1312,281.5,131.199997,98,21012.199219,66422.5,259.850006,781.799988,1272.25,226.949997,723.299988
2017-11-01,10350.150391,472.265015,911.849976,1234.199951,265.299988,1013.299988,8220.299805,7695.5,906.700012,317.200012,1355.030029,276.649994,122.050003,93.199997,20757.699219,65712.601563,262.899994,758.549988,1238.900024,225,708.150024
2017-11-08,10186.599609,457.390991,901.174988,1283.900024,256.549988,999.200012,8122.950195,7640.649902,886.700012,329.100006,1357.300049,271.350006,113.949997,91.150002,19676.199219,67643.5,258.399994,821.599976,1179.650024,246.699997,701.599976
2017-11-15,10326.900391,462.072998,923.125,1277.349976,255.800003,1029.849976,8424.799805,7744.350098,932.549988,330.649994,1336.469971,261.649994,114.75,87.449997,19237.5,69830.5,252.5,837.849976,1197.550049,273.149994,708.200012
2017-11-22,10370.25,451.743988,932.674988,1267.849976,257,1029.849976,8624.150391,7497.799805,943.349976,332,1342.650024,263.049988,121.400002,94.099998,18982.400391,69597.398438,258.600006,848.75,1215.800049,287.75,743.25
2017-11-29,10118.25,450.503998,910.224976,1261,253.850006,999.849976,8500.400391,7691.100098,913.700012,319.100006,1317.780029,260.450012,114.050003,90.150002,19894.199219,66842.796875,249.5,833.25,1162,279.950012,737.5
2017-12-06,10240.150391,480.988007,909.950012,1314.650024,261.549988,1000.400024,9131.349609,7932.75,915.599976,318.450012,1306.069946,265.299988,113.800003,91.699997,19952.800781,66407.398438,250.949997,893.200012,1158.699951,287.799988,760.200012
2017-12-13,10463.200195,492.695007,942.25,1349.699951,264.25,1021.349976,9801.5,7897.25,925.950012,319.799988,1287.650024,270.649994,118.150002,90.050003,19868.099609,69389.703125,254.149994,884.75,1203.349976,300.649994,785.049988
2017-12-20,10531.5,498.524994,934.174988,1348.099976,264.149994,1016.25,9679,7828.5,929.799988,317.149994,1324.719971,273.299988,119.150002,93,20290.699219,74062,254.149994,926.599976,1235.449951,305.950012,769.799988
2017-12-27,10442.200195,474.285004,936.174988,1338.599976,260.75,1003.200012,9554.049805,7863.549805,911.150024,303.25,1315.599976,268.149994,123.349998,98.199997,19721.800781,71246.101563,252.75,889.200012,1258.900024,311.149994,774.849976
2018-01-03,10637,468.087006,931.849976,1361.300049,270.549988,1009.75,9383.549805,7779.25,940.950012,304.299988,1354.5,277.149994,130.5,101.099998,19830.099609,73025,253.199997,914.849976,1301.699951,315.299988,770.5
2018-01-10,10700.450195,456.563995,950.075012,1382,261.700012,1033.25,9322.049805,7774.600098,922.950012,296.149994,1425.430054,277.850006,122.300003,99,19859,70284.5,238.649994,900.25,1291.550049,316.399994,722.549988
2018-01-17,11083.700195,451.835999,975.650024,1368.349976,276.600006,1075.449951,9393.400391,7599.700195,983.25,318.100006,1551,262.700012,124,104.449997,19776,69930.703125,245.850006,886.349976,1319.800049,307.200012,706.150024
2018-01-24,11049.650391,404.549011,997.75,1400.25,275.200012,1088.050049,9571.549805,7455.899902,950.400024,313.549988,1576.430054,261.5,125.75,101.599998,19495.599609,68261.5,257.899994,885.950012,1289.25,304,713.950012
2018-01-31,10498.25,403.217987,948.400024,1325.349976,273.5,1033.800049,8984.599609,7016.299805,892.099976,291.75,1498.619995,255.300003,126.900002,92.5,19556.099609,68528.5,244.300003,866.5,1256,266.700012,650.400024
2018-02-07,10539.75,389.674988,938.325012,1344.449951,269.850006,1042.949951,9117.849609,7141.899902,915.5,288.75,1483.650024,256.899994,133.300003,97.5,19545.800781,71640.898438,248.699997,894.5,1255.5,285.100006,661.25
2018-02-14,10360.400391,383.890015,931.599976,1331.800049,263.25,1045.800049,8722.650391,7572.649902,921.099976,269.649994,1472.380005,263.700012,133.399994,93.050003,19398.099609,70825.5,244.100006,894.200012,1242.25,262.850006,650.799988
2018-02-21,10554.299805,395.276001,951.275024,1346.349976,266.399994,1093.050049,8891.200195,7759.950195,950.5,267.600006,1521.180054,251.399994,137.699997,91.349998,19017.800781,72665.796875,249.649994,885.799988,1164.050049,275,677
2018-02-28,10249.25,380.033997,923.125,1293.199951,256.5,1082.449951,8616.5,7688.850098,910.849976,256.549988,1521.400024,240.649994,139.850006,88.199997,18159.800781,71475.898438,233.949997,882.049988,1128.75,274.149994,644.400024
2018-03-07,10426.849609,391.419006,930.125,1320.550049,269.450012,1083.900024,8756.049805,7700.25,931.849976,254.699997,1443.400024,238.800003,149.899994,86.900002,18487.900391,71717.296875,239.350006,899.849976,1118.949951,278.200012,641.599976
2018-03-14,10124.349609,367.639008,919.75,1313.25,259.200012,1045.300049,8802.400391,7841.450195,889.799988,249.100006,1432.430054,230.399994,146,84.099998,17876.800781,69593,235.649994,902.700012,1108.5,262.049988,622.75
2018-03-21,10184.150391,379.390991,946.299988,1332.800049,258.899994,1049.849976,8852.299805,8112.700195,899.799988,254.350006,1423.849976,231.699997,144.949997,82.800003,17687.800781,72656,226.75,926.299988,1091.5,263.799988,617.049988
2018-03-28,10245,369.290985,957.950012,1348.400024,258.5,1103.300049,9026.450195,8343.950195,899.549988,250.5,1455.619995,240.649994,147.75,85.699997,19063.400391,75502.398438,232,963.150024,1124.449951,274.799988,648.200012
2018-04-04,10402.25,354.003998,960.424988,1391.5,266.700012,1113.650024,9273.450195,8499.099609,917.049988,263.299988,1468.800049,235,145.300003,88.949997,19747.900391,76831.101563,235.899994,1000.150024,1114.25,275.5,640.5
2018-04-11,10548.700195,350.790009,974.25,1445.550049,267.600006,1164.849976,9160.349609,9013.599609,944.25,248.149994,1583.300049,244.850006,149.399994,88.150002,19378.199219,79771.601563,242.949997,1039.650024,1079.25,280.950012,673.349976
2018-04-18,10614.349609,373.01001,967.5,1459.650024,276,1166,9064.650391,8822.049805,970.049988,240.600006,1692.819946,247.800003,159.050003,88.349998,19661.300781,77948.398438,238.399994,1066.900024,1088.199951,283.149994,662.849976
2018-04-25,10739.349609,376.040009,972.150024,1508.900024,281.450012,1211.099976,8814.950195,9396.549805,963.299988,246.399994,1766.050049,250.649994,164.449997,87.800003,19404.800781,79933.5,226.800003,1086.199951,1122.400024,297.549988,667.400024
2018-05-02,10717.799805,368.326996,983.525024,1496.050049,282.700012,1241.849976,8775.200195,9117.700195,967.099976,250.050003,1720.599976,229.449997,165.550003,83.300003,19024.300781,75746.796875,218.25,1104.849976,1041.099976,289.700012,625.799988
2018-05-09,10801.849609,350.697998,1018.900024,1515.5,281.850006,1283.849976,8726.599609,9565.200195,978.950012,248,1741.199951,214.100006,151,78.099998,18347.800781,74605,208.949997,1091.099976,1055.449951,242.649994,620.200012
2018-05-16,10536.700195,332.243011,994.950012,1574.300049,278.75,1262.699951,8560.650391,9634.25,926.75,253.899994,1754.449951,208,140.899994,76.050003,18211.800781,73873.5,210.899994,1118.099976,1023.299988,247.149994,565.849976
2018-05-23,10633.299805,348.127014,1016.299988,1572.699951,274.049988,1284.25,8714.900391,9512.299805,917.450012,264.299988,1761.75,208.300003,149.550003,83.449997,18556.800781,76392.203125,213.699997,1168.949951,1049,257.5,595.599976
2018-05-30,10593.150391,334.492004,1031.800049,1562.800049,267.5,1304.699951,8810.400391,9535.650391,947.650024,263.549988,1721.599976,202.050003,146.199997,73.150002,17912.400391,73815.601563,216.850006,1091.449951,968.25,263.75,565.549988
2018-06-06,10842.849609,349.505005,1021.919983,1638.449951,270.25,1329.300049,9016.75,9834.25,997.150024,282.850006,1781,206.899994,144.149994,78.300003,18018.199219,75580.703125,220.550003,1058.599976,1043.050049,267.600006,582.049988
2018-06-13,10710.450195,340.828003,1011.75,1601,266.049988,1303.25,8862.599609,9618.349609,996.049988,272.600006,1824.5,200.25,136.5,74.400002,17858.900391,74849.796875,215.5,1060.099976,996.700012,267.049988,584.650024
2018-06-20,10769.150391,349.091003,1046.849976,1621.75,264.799988,1329.849976,8931.349609,10084.5,978.950012,267.399994,1852,211.949997,132.600006,73.25,17688.599609,74972.796875,212.300003,1054.849976,985.900024,267.350006,585.450012
2018-06-27,10699.900391,340.415009,1035.099976,1643.5,265.450012,1353.150024,8975.150391,9784.650391,971.299988,257.5,1874.050049,200.899994,129.5,70,17488.699219,75459.203125,216.899994,1064.050049,975.200012,281,561.150024
2018-07-04,10947.25,337.705994,1073.199951,1687,277.049988,1372.150024,9531,10005.200195,1025.699951,263.75,1875.099976,204.350006,133.949997,71.550003,17842.099609,75943.898438,222.800003,1074.400024,1015.75,274.75,584.900024
2018-07-11,11008.049805,314.522003,1088.380005,1681.699951,269.850006,1400.599976,9445.400391,10511.799805,1092.349976,259.049988,2002.150024,195.600006,128.550003,68.050003,17414.099609,74609,208.899994,1057.949951,962.5,247.899994,573.299988
2018-07-18,11134.299805,327.605988,1079.880005,1667.900024,285.649994,1312.25,9832.450195,10290.5,1110.949951,266.850006,1999,212.649994,112.75,73.449997,18729.800781,77627.898438,215.800003,1076.949951,963,246.300003,552.75
2018-07-25,11356.5,358.640015,1089.75,1731.650024,297.700012,1306.849976,9520.549805,10530.400391,1186,293.5,1940.199951,230.699997,112.800003,74.050003,18720.699219,79490.398438,229.149994,1123.449951,988.799988,246.899994,516.599976
2018-08-01,11389.450195,350.652008,1065.449951,1730.050049,301.100006,1283.699951,9411.5,10537.799805,1184.199951,304.049988,1967.349976,230.100006,119.550003,73.449997,19091.400391,77200.203125,230.300003,1104,1030.099976,237.600006,549
2018-08-08,11435.099609,336.971008,1044.550049,1744.25,307.899994,1293,9132.599609,10857,1210.599976,294.899994,2003.550049,226.350006,126,72.25,19194.800781,73819.796875,222.100006,1119.949951,1006.799988,237.550003,519.400024
2018-08-15,11570.900391,338.118988,1048.030029,1752.5,312.899994,1263.400024,9113.299805,10886.400391,1247.199951,307,2017.650024,239.350006,128.699997,75.5,18890.800781,74499,228.399994,1143.050049,1029.550049,240.550003,541.099976
2018-08-22,11738.5,345.970001,1047.430054,1771.199951,311.649994,1285.099976,9427.950195,11326.099609,1319,305.350006,2069.199951,236.399994,132.350006,77.699997,18884.599609,73316.898438,231.600006,1153.949951,1027.699951,233.350006,569.5
2018-08-29,11520.299805,347.393005,1025.900024,1651.199951,309.600006,1257.599976,8868.5,10841.200195,1241.949951,296.399994,2098.899902,227.949997,127.849998,78.699997,20920.699219,71028.898438,237,1121.099976,980.450012,223.699997,558.400024
2018-09-05,11287.5,347.713989,1000.200012,1590.650024,297.200012,1206.400024,8517.049805,10047.700195,1237.699951,282.600006,2046.25,220.199997,127.75,77.099998,20503.199219,69769.5,239.399994,1113.650024,954.450012,216,574.049988
2018-09-12,11278.900391,343.122986,994.599976,1664.949951,303.25,1215.300049,8399.150391,10243.5,1217.150024,273.799988,2070.75,224.399994,126.400002,73.849998,20726.800781,68731.398438,231.100006,1114.550049,965.25,235.050003,592.700012
2018-09-19,11067.450195,331.002991,976.200012,1630.849976,301.149994,1183.349976,7999.450195,9697.349609,1230.599976,270.899994,2183.199951,225.649994,121.900002,71.650002,20151.699219,65780.601563,223.5,1100.199951,941.75,236.100006,592.650024
2018-09-26,11008.299805,300.015015,1017.719971,1642.300049,297.100006,1122,7463.950195,9609.650391,1231.699951,273.850006,2255.550049,222.699997,120.150002,71.099998,19784.900391,63025.601563,222.149994,1041.199951,941.849976,230.899994,561.349976
2018-10-03,10301.049805,265.354004,970.299988,1512.449951,268.5,1108.449951,6699.450195,9491.950195,1090.050049,262.950012,2091.800049,204.699997,110.849998,70.25,18444.400391,61997.300781,211.850006,914.25,891.849976,216.5,494.700012
2018-10-10,10584.75,269.944,996.375,1546.199951,282.649994,1175.75,7150.899902,9737.5,1163.800049,270.299988,1962.300049,221.5,120.550003,76.199997,18958.900391,63212.898438,224.100006,991.599976,938.25,235.449997,551.650024
2018-10-17,10146.799805,262.506989,992.424988,1552.050049,286,1174.449951,6771.299805,9352.450195,1054.699951,255.649994,1843.650024,200.600006,111.449997,73.849998,17736.599609,61723.601563,212.25,923.549988,860.299988,218.300003,535.200012
2018-10-24,10198.400391,268.658997,956.375,1593.050049,278.950012,1123.800049,6697,9718.450195,1057,273.149994,1894.800049,192.449997,115,69.150002,19738.800781,64309.101563,217.600006,935.599976,907.450012,227.300003,539.650024
2018-10-31,10530,280.089996,973.275024,1631.949951,277.299988,1125.300049,7075,10160.200195,1104.099976,286.450012,1932.699951,204.199997,120.900002,69.300003,19376.800781,65160.699219,214.649994,996.450012,938.450012,213.800003,550.5
2018-11-07,10582.5,273.20401,963.875,1671.099976,276.850006,1165.900024,7150.450195,10144.099609,1099.449951,278.049988,1934.949951,205.850006,119,68.699997,19655.199219,65822.101563,223.449997,1063.25,913.900024,219.949997,545.5
2018-11-14,10656.200195,304.789001,1006.219971,1694,283.850006,1169.949951,7333.950195,10254.700195,1137.400024,283.450012,1878.25,215,107.650002,67.400002,18595.300781,66024.5,215.199997,1128.099976,935.25,215.949997,538.150024
2018-11-21,10685.599609,301.299988,1032,1733.300049,284.850006,1173.550049,7647.600098,10518.400391,1128.199951,289.399994,1890.25,215.850006,110.300003,67,18347.699219,68575.203125,217.550003,1170.150024,905.849976,217.75,542.599976
2018-11-28,10869.5,292.485992,1042.780029,1807.650024,281.850006,1225.300049,7721.649902,10589,1152.300049,282.549988,2010.849976,219,107.300003,70.5,18513.800781,66128.796875,212.800003,1161.300049,940.599976,209.5,555.049988
2018-12-05,10549.150391,266.501007,1029.780029,1794.900024,274.700012,1218.699951,7305.350098,10634.5,1097.550049,281.25,2000,213.100006,103.199997,64.599998,19105.599609,66171.703125,206.949997,1121.25,937.599976,202.850006,552.299988
2018-12-12,10908.700195,291.796997,1067.719971,1840.75,278.149994,1237.099976,7772.350098,11094,1136.400024,292.75,1987.849976,219.649994,104.800003,69.900002,19861.599609,67561.5,224.199997,1168.199951,982,210.100006,574.5
2018-12-19,10663.5,283.80899,1040.319946,1784.650024,276,1238.5,7529.149902,10923.299805,1089.150024,293.049988,1918.5,213.25,104.599998,71.25,19415.5,66117.601563,222.949997,1118.900024,995.900024,219.050003,558.5
2018-12-26,10862.549805,286.931,1060.849976,1819.650024,281.649994,1256.5,7465.5,11084.799805,1121.25,295.899994,1893.050049,225.100006,102.5,73.099998,19611.199219,66984.703125,224.149994,1107.849976,1046.900024,219.399994,571.25
